,Country_x,Aquatics,Archery,Athletics,Badminton,Baseball,Basketball,Basque Pelota,Boxing,Canoe,Canoe / Kayak,Cricket,Croquet,Cycling,Equestrian,Fencing,Football,Golf,Gymnastics,Handball,Hockey,Ice Hockey,Jeu de paume,Judo,Lacrosse,Modern Pentathlon,Polo,Rackets,Roque,Rowing,Rugby,Sailing,Shooting,Skating,Softball,Table Tennis,Taekwondo,Tennis,Triathlon,Tug of War,Volleyball,Water Motorsports,Weightlifting,Wrestling
0,Afghanistan,0.0,0.0,0.0,0.0,0.0,0.0,0.0,0.0,0.0,0.0,0.0,0.0,0.0,0.0,0.0,0.0,0.0,0.0,0.0,0.0,0.0,0.0,0.0,0.0,0.0,0.0,0.0,0.0,0.0,0.0,0.0,0.0,0.0,0.0,0.0,100.0,0.0,0.0,0.0,0.0,0.0,0.0,0.0
1,Albania,,,,,,,,,,,,,,,,,,,,,,,,,,,,,,,,,,,,,,,,,,,
2,Algeria,0.0,0.0,46.666666666666664,0.0,0.0,0.0,0.0,40.0,0.0,0.0,0.0,0.0,0.0,0.0,0.0,0.0,0.0,0.0,0.0,0.0,0.0,0.0,13.333333333333334,0.0,0.0,0.0,0.0,0.0,0.0,0.0,0.0,0.0,0.0,0.0,0.0,0.0,0.0,0.0,0.0,0.0,0.0,0.0,0.0
3,American Samoa*,,,,,,,,,,,,,,,,,,,,,,,,,,,,,,,,,,,,,,,,,,,
4,Andorra,,,,,,,,,,,,,,,,,,,,,,,,,,,,,,,,,,,,,,,,,,,
5,Angola,,,,,,,,,,,,,,,,,,,,,,,,,,,,,,,,,,,,,,,,,,,
6,Antigua and Barbuda,,,,,,,,,,,,,,,,,,,,,,,,,,,,,,,,,,,,,,,,,,,
7,Argentina,1.1583011583011582,0.0,1.9305019305019304,0.0,0.0,9.266409266409266,0.0,9.266409266409266,0.0,0.0,0.0,0.0,0.7722007722007722,0.3861003861003861,1.9305019305019304,27.7992277992278,0.0,0.0,0.0,24.71042471042471,0.0,0.0,0.3861003861003861,0.0,0.0,3.861003861003861,0.0,0.0,2.3166023166023164,0.0,7.722007722007722,0.3861003861003861,0.0,0.0,0.0,0.3861003861003861,2.3166023166023164,0.0,0.0,4.633204633204633,0.0,0.7722007722007722,0.0
8,Armenia,0.0,0.0,0.0,0.0,0.0,0.0,0.0,9.090909090909092,0.0,0.0,0.0,0.0,0.0,0.0,0.0,0.0,0.0,0.0,0.0,0.0,0.0,0.0,0.0,0.0,0.0,0.0,0.0,0.0,0.0,0.0,0.0,0.0,0.0,0.0,0.0,0.0,0.0,0.0,0.0,0.0,0.0,36.36363636363637,54.54545454545454
9,Aruba*,,,,,,,,,,,,,,,,,,,,,,,,,,,,,,,,,,,,,,,,,,,
10,Australia,33.6417157275021,0.16820857863751051,7.064760302775442,0.0,2.0185029436501263,5.046257359125315,0.0,0.33641715727502103,0.42052144659377627,2.775441547518924,0.0,0.0,6.3919259882254,2.607232968881413,0.0,0.0,0.0,0.08410428931875526,0.0,15.895710681244744,0.0,0.0,0.16820857863751051,0.0,0.0,0.0,0.0,0.0,11.35407905803196,0.0,3.8687973086627423,0.8410428931875525,0.0,5.046257359125315,0.0,0.16820857863751051,0.7569386038687973,0.42052144659377627,0.0,0.33641715727502103,0.0,0.33641715727502103,0.2523128679562658
11,Austria,10.273972602739725,0.0,4.794520547945205,0.0,0.0,0.0,0.0,0.0,0.0,14.383561643835616,0.0,0.0,2.054794520547945,4.10958904109589,8.904109589041095,8.904109589041095,0.0,0.0,15.068493150684931,0.0,0.0,0.0,3.4246575342465753,0.0,0.0,0.0,0.0,0.0,6.164383561643835,0.0,6.8493150684931505,5.47945205479452,0.0,0.0,0.0,0.0,1.36986301369863,0.684931506849315,0.0,0.0,0.0,6.164383561643835,1.36986301369863
12,Azerbaijan,0.0,0.0,0.0,0.0,0.0,0.0,0.0,23.076923076923077,0.0,0.0,0.0,0.0,0.0,0.0,0.0,0.0,0.0,0.0,0.0,0.0,0.0,0.0,7.6923076923076925,0.0,0.0,0.0,0.0,0.0,0.0,0.0,0.0,11.538461538461538,0.0,0.0,0.0,0.0,0.0,0.0,0.0,0.0,0.0,3.8461538461538463,53.84615384615385
13,Bahamas,0.0,0.0,85.18518518518519,0.0,0.0,0.0,0.0,0.0,0.0,0.0,0.0,0.0,0.0,0.0,0.0,0.0,0.0,0.0,0.0,0.0,0.0,0.0,0.0,0.0,0.0,0.0,0.0,0.0,0.0,0.0,14.814814814814813,0.0,0.0,0.0,0.0,0.0,0.0,0.0,0.0,0.0,0.0,0.0,0.0
14,Bahrain,0.0,0.0,100.0,0.0,0.0,0.0,0.0,0.0,0.0,0.0,0.0,0.0,0.0,0.0,0.0,0.0,0.0,0.0,0.0,0.0,0.0,0.0,0.0,0.0,0.0,0.0,0.0,0.0,0.0,0.0,0.0,0.0,0.0,0.0,0.0,0.0,0.0,0.0,0.0,0.0,0.0,0.0,0.0
15,Bangladesh,,,,,,,,,,,,,,,,,,,,,,,,,,,,,,,,,,,,,,,,,,,
16,Barbados,0.0,0.0,100.0,0.0,0.0,0.0,0.0,0.0,0.0,0.0,0.0,0.0,0.0,0.0,0.0,0.0,0.0,0.0,0.0,0.0,0.0,0.0,0.0,0.0,0.0,0.0,0.0,0.0,0.0,0.0,0.0,0.0,0.0,0.0,0.0,0.0,0.0,0.0,0.0,0.0,0.0,0.0,0.0
17,Belarus,1.7699115044247788,0.0,16.8141592920354,0.0,0.0,0.0,0.0,1.7699115044247788,7.079646017699115,8.849557522123893,0.0,0.0,0.8849557522123894,0.0,0.0,0.0,0.0,22.123893805309734,0.0,0.0,0.0,0.0,1.7699115044247788,0.0,0.8849557522123894,0.0,0.0,0.0,15.04424778761062,0.0,0.0,6.1946902654867255,0.0,0.0,0.0,0.0,2.6548672566371683,0.0,0.0,0.0,0.0,7.079646017699115,7.079646017699115
18,Belgium,12.895377128953772,12.408759124087592,3.40632603406326,0.0,0.0,0.0,0.0,0.9732360097323601,0.0,0.0,0.0,0.0,9.732360097323602,6.082725060827251,10.70559610705596,6.082725060827251,0.0,11.678832116788321,0.0,3.64963503649635,0.0,0.0,2.67639902676399,0.0,0.0,0.0,0.0,0.0,6.81265206812652,0.0,4.622871046228711,3.8929440389294405,0.0,0.0,0.0,0.0,0.7299270072992701,0.0,1.9464720194647203,0.0,0.0,0.9732360097323601,0.7299270072992701
19,Belize,,,,,,,,,,,,,,,,,,,,,,,,,,,,,,,,,,,,,,,,,,,
20,Benin,,,,,,,,,,,,,,,,,,,,,,,,,,,,,,,,,,,,,,,,,,,
21,Bermuda*,0.0,0.0,0.0,0.0,0.0,0.0,0.0,100.0,0.0,0.0,0.0,0.0,0.0,0.0,0.0,0.0,0.0,0.0,0.0,0.0,0.0,0.0,0.0,0.0,0.0,0.0,0.0,0.0,0.0,0.0,0.0,0.0,0.0,0.0,0.0,0.0,0.0,0.0,0.0,0.0,0.0,0.0,0.0
22,Bhutan,,,,,,,,,,,,,,,,,,,,,,,,,,,,,,,,,,,,,,,,,,,
23,Bolivia,,,,,,,,,,,,,,,,,,,,,,,,,,,,,,,,,,,,,,,,,,,
24,Bosnia and Herzegovina,,,,,,,,,,,,,,,,,,,,,,,,,,,,,,,,,,,,,,,,,,,
25,Botswana,0.0,0.0,100.0,0.0,0.0,0.0,0.0,0.0,0.0,0.0,0.0,0.0,0.0,0.0,0.0,0.0,0.0,0.0,0.0,0.0,0.0,0.0,0.0,0.0,0.0,0.0,0.0,0.0,0.0,0.0,0.0,0.0,0.0,0.0,0.0,0.0,0.0,0.0,0.0,0.0,0.0,0.0,0.0
26,Brazil,4.408352668213457,0.0,4.872389791183294,0.0,0.0,13.921113689095128,0.0,0.9280742459396751,0.0,0.0,0.0,0.0,0.0,2.088167053364269,0.0,29.466357308584683,0.0,0.23201856148491878,0.0,0.0,0.0,0.0,4.408352668213457,0.0,0.23201856148491878,0.0,0.0,0.0,0.0,0.0,7.424593967517401,1.6241299303944314,0.0,0.0,0.0,0.23201856148491878,0.0,0.0,0.0,30.162412993039446,0.0,0.0,0.0
27,British Virgin Islands,,,,,,,,,,,,,,,,,,,,,,,,,,,,,,,,,,,,,,,,,,,
28,Brunei,,,,,,,,,,,,,,,,,,,,,,,,,,,,,,,,,,,,,,,,,,,
29,Bulgaria,0.9009009009009009,0.0,5.405405405405405,0.0,0.0,7.207207207207207,0.0,5.405405405405405,0.0,8.408408408408409,0.0,0.0,0.0,1.5015015015015014,0.0,9.60960960960961,0.0,6.906906906906906,0.0,0.0,0.0,0.0,0.9009009009009009,0.0,0.0,0.0,0.0,0.0,10.21021021021021,0.0,0.0,4.804804804804805,0.0,0.0,0.0,0.0,0.3003003003003003,0.0,0.0,7.207207207207207,0.0,10.81081081081081,20.42042042042042
30,Burkina Faso,,,,,,,,,,,,,,,,,,,,,,,,,,,,,,,,,,,,,,,,,,,
31,Burma,,,,,,,,,,,,,,,,,,,,,,,,,,,,,,,,,,,,,,,,,,,
32,Burundi,0.0,0.0,100.0,0.0,0.0,0.0,0.0,0.0,0.0,0.0,0.0,0.0,0.0,0.0,0.0,0.0,0.0,0.0,0.0,0.0,0.0,0.0,0.0,0.0,0.0,0.0,0.0,0.0,0.0,0.0,0.0,0.0,0.0,0.0,0.0,0.0,0.0,0.0,0.0,0.0,0.0,0.0,0.0
33,Cambodia,,,,,,,,,,,,,,,,,,,,,,,,,,,,,,,,,,,,,,,,,,,
34,Cameroon,0.0,0.0,8.695652173913043,0.0,0.0,0.0,0.0,8.695652173913043,0.0,0.0,0.0,0.0,0.0,0.0,0.0,78.26086956521739,0.0,0.0,0.0,0.0,0.0,0.0,0.0,0.0,0.0,0.0,0.0,0.0,0.0,0.0,0.0,0.0,0.0,0.0,0.0,0.0,0.0,0.0,0.0,0.0,0.0,4.3478260869565215,0.0
35,Canada,18.335901386748844,0.0,12.942989214175654,0.0,0.0,1.386748844375963,0.0,2.6194144838212634,0.46224961479198773,4.622496147919876,0.0,0.0,2.6194144838212634,2.465331278890601,0.0,4.776579352850539,0.15408320493066258,1.2326656394453006,0.0,0.0,1.2326656394453006,0.0,0.7704160246533128,4.314329738058552,0.0,0.0,0.0,0.0,30.354391371340522,0.0,3.8520801232665636,3.697996918335902,0.0,0.0,0.0,0.30816640986132515,0.30816640986132515,0.30816640986132515,0.0,0.30816640986132515,0.0,0.46224961479198773,2.465331278890601
36,Cape Verde,,,,,,,,,,,,,,,,,,,,,,,,,,,,,,,,,,,,,,,,,,,
37,Cayman Islands*,,,,,,,,,,,,,,,,,,,,,,,,,,,,,,,,,,,,,,,,,,,
38,Central African Republic,,,,,,,,,,,,,,,,,,,,,,,,,,,,,,,,,,,,,,,,,,,
39,Chad,,,,,,,,,,,,,,,,,,,,,,,,,,,,,,,,,,,,,,,,,,,
40,Chile,0.0,0.0,6.0606060606060606,0.0,0.0,0.0,0.0,9.090909090909092,0.0,0.0,0.0,0.0,0.0,12.121212121212121,0.0,54.54545454545454,0.0,0.0,0.0,0.0,0.0,0.0,0.0,0.0,0.0,0.0,0.0,0.0,0.0,0.0,0.0,3.0303030303030303,0.0,0.0,0.0,0.0,15.151515151515152,0.0,0.0,0.0,0.0,0.0,0.0
41,China,19.578686493184634,2.3543990086741013,2.973977695167286,7.311028500619579,0.0,2.973977695167286,0.0,0.9913258983890955,0.0,0.49566294919454773,0.0,0.0,0.8674101610904585,0.0,3.0978934324659235,1.982651796778191,0.0,14.002478314745973,1.6109045848822798,1.982651796778191,0.0,0.0,2.478314745972739,0.0,0.12391573729863693,0.0,0.0,0.0,3.2218091697645597,0.0,0.6195786864931847,6.071871127633209,0.0,1.858736059479554,8.79801734820322,0.9913258983890955,0.49566294919454773,0.0,0.0,7.930607187112764,0.0,6.195786864931847,0.9913258983890955
42,Colombia,0.0,0.0,10.526315789473683,0.0,0.0,0.0,0.0,15.789473684210526,0.0,0.0,0.0,0.0,21.052631578947366,0.0,0.0,0.0,0.0,0.0,0.0,0.0,0.0,0.0,5.263157894736842,0.0,0.0,0.0,0.0,0.0,0.0,0.0,0.0,10.526315789473683,0.0,0.0,0.0,5.263157894736842,0.0,0.0,0.0,0.0,0.0,21.052631578947366,10.526315789473683
43,Comoros,,,,,,,,,,,,,,,,,,,,,,,,,,,,,,,,,,,,,,,,,,,
44,Congo,,,,,,,,,,,,,,,,,,,,,,,,,,,,,,,,,,,,,,,,,,,
45,"Congo, Dem Rep",,,,,,,,,,,,,,,,,,,,,,,,,,,,,,,,,,,,,,,,,,,
46,Cook Islands,,,,,,,,,,,,,,,,,,,,,,,,,,,,,,,,,,,,,,,,,,,
47,Costa Rica,100.0,0.0,0.0,0.0,0.0,0.0,0.0,0.0,0.0,0.0,0.0,0.0,0.0,0.0,0.0,0.0,0.0,0.0,0.0,0.0,0.0,0.0,0.0,0.0,0.0,0.0,0.0,0.0,0.0,0.0,0.0,0.0,0.0,0.0,0.0,0.0,0.0,0.0,0.0,0.0,0.0,0.0,0.0
48,Cote d'Ivoire,0.0,0.0,100.0,0.0,0.0,0.0,0.0,0.0,0.0,0.0,0.0,0.0,0.0,0.0,0.0,0.0,0.0,0.0,0.0,0.0,0.0,0.0,0.0,0.0,0.0,0.0,0.0,0.0,0.0,0.0,0.0,0.0,0.0,0.0,0.0,0.0,0.0,0.0,0.0,0.0,0.0,0.0,0.0
49,Croatia,23.684210526315788,0.0,1.7543859649122806,0.0,0.0,10.526315789473683,0.0,0.0,0.0,0.0,0.0,0.0,0.0,0.0,0.0,0.0,0.0,0.8771929824561403,39.473684210526315,0.0,0.0,0.0,0.0,0.0,0.0,0.0,0.0,0.0,13.157894736842104,0.0,0.0,1.7543859649122806,0.0,0.0,0.0,2.631578947368421,4.385964912280701,0.0,0.0,0.0,0.0,1.7543859649122806,0.0
50,Cuba,0.4878048780487805,0.0,14.146341463414632,0.0,27.073170731707318,2.9268292682926833,0.0,16.34146341463415,0.0,1.2195121951219512,0.0,0.0,0.24390243902439024,0.0,5.853658536585367,0.0,0.0,0.0,0.0,0.0,0.0,0.0,8.536585365853659,0.0,0.0,0.0,0.0,0.0,0.0,0.0,0.4878048780487805,0.975609756097561,0.0,0.0,0.0,1.2195121951219512,0.0,0.0,0.0,14.634146341463413,0.0,1.2195121951219512,4.634146341463414
51,Cyprus,0.0,0.0,0.0,0.0,0.0,0.0,0.0,0.0,0.0,0.0,0.0,0.0,0.0,0.0,0.0,0.0,0.0,0.0,0.0,0.0,0.0,0.0,0.0,0.0,0.0,0.0,0.0,0.0,0.0,0.0,100.0,0.0,0.0,0.0,0.0,0.0,0.0,0.0,0.0,0.0,0.0,0.0,0.0
52,Czech Republic,0.0,0.0,19.642857142857142,0.0,0.0,0.0,0.0,1.7857142857142856,8.928571428571429,23.214285714285715,0.0,0.0,1.7857142857142856,0.0,0.0,0.0,0.0,0.0,0.0,0.0,0.0,0.0,0.0,0.0,3.571428571428571,0.0,0.0,0.0,12.5,0.0,1.7857142857142856,16.071428571428573,0.0,0.0,0.0,0.0,8.928571428571429,1.7857142857142856,0.0,0.0,0.0,0.0,0.0
53,Denmark,3.353057199211045,0.0,1.183431952662722,1.7751479289940828,0.0,0.0,0.0,2.366863905325444,0.0,4.142011834319527,0.0,0.0,8.481262327416173,2.1696252465483234,1.183431952662722,9.467455621301776,0.0,19.32938856015779,9.072978303747535,2.366863905325444,0.0,0.0,0.0,0.0,0.0,0.0,0.0,0.0,14.398422090729785,0.0,12.6232741617357,5.325443786982249,0.0,0.0,0.39447731755424065,0.0,0.19723865877712032,0.0,0.0,0.0,0.0,0.591715976331361,1.5779092702169626
54,Djibouti,0.0,0.0,100.0,0.0,0.0,0.0,0.0,0.0,0.0,0.0,0.0,0.0,0.0,0.0,0.0,0.0,0.0,0.0,0.0,0.0,0.0,0.0,0.0,0.0,0.0,0.0,0.0,0.0,0.0,0.0,0.0,0.0,0.0,0.0,0.0,0.0,0.0,0.0,0.0,0.0,0.0,0.0,0.0
55,Dominica,,,,,,,,,,,,,,,,,,,,,,,,,,,,,,,,,,,,,,,,,,,
56,Dominican Republic,0.0,0.0,50.0,0.0,0.0,0.0,0.0,33.33333333333333,0.0,0.0,0.0,0.0,0.0,0.0,0.0,0.0,0.0,0.0,0.0,0.0,0.0,0.0,0.0,0.0,0.0,0.0,0.0,0.0,0.0,0.0,0.0,0.0,0.0,0.0,0.0,16.666666666666664,0.0,0.0,0.0,0.0,0.0,0.0,0.0
57,East Timor (Timor-Leste),,,,,,,,,,,,,,,,,,,,,,,,,,,,,,,,,,,,,,,,,,,
58,Ecuador,0.0,0.0,100.0,0.0,0.0,0.0,0.0,0.0,0.0,0.0,0.0,0.0,0.0,0.0,0.0,0.0,0.0,0.0,0.0,0.0,0.0,0.0,0.0,0.0,0.0,0.0,0.0,0.0,0.0,0.0,0.0,0.0,0.0,0.0,0.0,0.0,0.0,0.0,0.0,0.0,0.0,0.0,0.0
59,Egypt,7.142857142857142,0.0,0.0,0.0,0.0,0.0,0.0,14.285714285714285,0.0,0.0,0.0,0.0,0.0,0.0,3.571428571428571,0.0,0.0,0.0,0.0,0.0,0.0,0.0,7.142857142857142,0.0,0.0,0.0,0.0,0.0,0.0,0.0,0.0,0.0,0.0,0.0,0.0,3.571428571428571,0.0,0.0,0.0,0.0,0.0,39.285714285714285,25.0
60,El Salvador,,,,,,,,,,,,,,,,,,,,,,,,,,,,,,,,,,,,,,,,,,,
61,Equatorial Guinea,,,,,,,,,,,,,,,,,,,,,,,,,,,,,,,,,,,,,,,,,,,
62,Eritrea,0.0,0.0,100.0,0.0,0.0,0.0,0.0,0.0,0.0,0.0,0.0,0.0,0.0,0.0,0.0,0.0,0.0,0.0,0.0,0.0,0.0,0.0,0.0,0.0,0.0,0.0,0.0,0.0,0.0,0.0,0.0,0.0,0.0,0.0,0.0,0.0,0.0,0.0,0.0,0.0,0.0,0.0,0.0
63,Estonia,0.0,0.0,15.384615384615385,0.0,0.0,0.0,0.0,2.564102564102564,0.0,0.0,0.0,0.0,2.564102564102564,0.0,0.0,0.0,0.0,0.0,0.0,0.0,0.0,0.0,7.6923076923076925,0.0,0.0,0.0,0.0,0.0,7.6923076923076925,0.0,17.94871794871795,0.0,0.0,0.0,0.0,0.0,0.0,0.0,0.0,0.0,0.0,17.94871794871795,28.205128205128204
64,Ethiopia,0.0,0.0,100.0,0.0,0.0,0.0,0.0,0.0,0.0,0.0,0.0,0.0,0.0,0.0,0.0,0.0,0.0,0.0,0.0,0.0,0.0,0.0,0.0,0.0,0.0,0.0,0.0,0.0,0.0,0.0,0.0,0.0,0.0,0.0,0.0,0.0,0.0,0.0,0.0,0.0,0.0,0.0,0.0
65,Fiji,,,,,,,,,,,,,,,,,,,,,,,,,,,,,,,,,,,,,,,,,,,
66,Finland,0.8771929824561403,1.3157894736842104,28.07017543859649,0.0,0.0,0.0,0.0,3.070175438596491,0.0,3.070175438596491,0.0,0.0,0.0,0.0,0.0,0.0,0.0,21.710526315789476,0.0,0.0,0.0,0.0,0.0,0.0,2.4122807017543857,0.0,0.0,0.0,3.508771929824561,0.0,7.675438596491229,8.991228070175438,0.43859649122807015,0.0,0.0,0.0,0.0,0.0,0.0,0.0,0.0,0.6578947368421052,18.201754385964914
67,France,7.8796561604584525,3.29512893982808,7.593123209169055,0.0,0.0,2.722063037249284,0.14326647564469913,1.361031518624642,0.14326647564469913,3.36676217765043,0.8595988538681949,0.5730659025787965,9.742120343839542,4.584527220630372,20.487106017191977,2.148997134670487,0.0,3.7249283667621778,3.29512893982808,0.0,0.0,0.0,3.151862464183381,0.0,0.42979942693409745,0.0,0.0,0.0,6.876790830945559,4.512893982808023,3.510028653295129,4.011461318051576,0.0,0.0,0.21489971346704873,0.42979942693409745,2.148997134670487,0.0,0.42979942693409745,0.0,0.07163323782234957,1.0744985673352434,1.2177650429799427
68,Gabon,0.0,0.0,0.0,0.0,0.0,0.0,0.0,0.0,0.0,0.0,0.0,0.0,0.0,0.0,0.0,0.0,0.0,0.0,0.0,0.0,0.0,0.0,0.0,0.0,0.0,0.0,0.0,0.0,0.0,0.0,0.0,0.0,0.0,0.0,0.0,100.0,0.0,0.0,0.0,0.0,0.0,0.0,0.0
69,Gambia,,,,,,,,,,,,,,,,,,,,,,,,,,,,,,,,,,,,,,,,,,,
70,Georgia,0.0,0.0,0.0,0.0,0.0,0.0,0.0,4.0,0.0,0.0,0.0,0.0,0.0,0.0,0.0,0.0,0.0,0.0,0.0,0.0,0.0,0.0,24.0,0.0,0.0,0.0,0.0,0.0,0.0,0.0,0.0,4.0,0.0,0.0,0.0,0.0,0.0,0.0,0.0,0.0,0.0,8.0,60.0
71,Germany,13.486590038314175,0.45977011494252873,8.199233716475096,0.0,0.0,0.0,0.0,1.6858237547892718,1.0727969348659003,8.505747126436782,0.0,0.0,4.980842911877394,7.662835249042145,4.291187739463601,4.061302681992337,0.0,5.440613026819923,2.835249042145594,10.804597701149426,0.0,0.0,1.3026819923371646,0.0,0.22988505747126436,0.0,0.0,0.0,13.793103448275861,1.1494252873563218,2.0689655172413794,1.9157088122605364,0.30651340996168586,0.0,0.7662835249042145,0.15325670498084293,0.996168582375479,0.15325670498084293,0.0,0.30651340996168586,0.0,1.532567049808429,1.839080459770115
72,Ghana,0.0,0.0,0.0,0.0,0.0,0.0,0.0,18.75,0.0,0.0,0.0,0.0,0.0,0.0,0.0,81.25,0.0,0.0,0.0,0.0,0.0,0.0,0.0,0.0,0.0,0.0,0.0,0.0,0.0,0.0,0.0,0.0,0.0,0.0,0.0,0.0,0.0,0.0,0.0,0.0,0.0,0.0,0.0
73,Greece,14.864864864864865,0.0,19.594594594594593,0.0,0.0,0.0,0.0,0.0,0.0,0.0,0.0,0.0,2.7027027027027026,0.0,2.7027027027027026,0.0,0.0,14.18918918918919,0.0,0.0,0.0,0.0,1.3513513513513513,0.0,0.0,0.0,0.0,0.0,4.054054054054054,0.0,9.45945945945946,9.45945945945946,0.0,0.0,0.0,2.7027027027027026,1.3513513513513513,0.0,0.0,0.0,0.0,10.135135135135135,7.4324324324324325
74,Grenada,0.0,0.0,100.0,0.0,0.0,0.0,0.0,0.0,0.0,0.0,0.0,0.0,0.0,0.0,0.0,0.0,0.0,0.0,0.0,0.0,0.0,0.0,0.0,0.0,0.0,0.0,0.0,0.0,0.0,0.0,0.0,0.0,0.0,0.0,0.0,0.0,0.0,0.0,0.0,0.0,0.0,0.0,0.0
75,Guam,,,,,,,,,,,,,,,,,,,,,,,,,,,,,,,,,,,,,,,,,,,
76,Guatemala,0.0,0.0,100.0,0.0,0.0,0.0,0.0,0.0,0.0,0.0,0.0,0.0,0.0,0.0,0.0,0.0,0.0,0.0,0.0,0.0,0.0,0.0,0.0,0.0,0.0,0.0,0.0,0.0,0.0,0.0,0.0,0.0,0.0,0.0,0.0,0.0,0.0,0.0,0.0,0.0,0.0,0.0,0.0
77,Guinea,,,,,,,,,,,,,,,,,,,,,,,,,,,,,,,,,,,,,,,,,,,
78,Guinea-Bissau,,,,,,,,,,,,,,,,,,,,,,,,,,,,,,,,,,,,,,,,,,,
79,Guyana,0.0,0.0,0.0,0.0,0.0,0.0,0.0,100.0,0.0,0.0,0.0,0.0,0.0,0.0,0.0,0.0,0.0,0.0,0.0,0.0,0.0,0.0,0.0,0.0,0.0,0.0,0.0,0.0,0.0,0.0,0.0,0.0,0.0,0.0,0.0,0.0,0.0,0.0,0.0,0.0,0.0,0.0,0.0
80,Haiti,0.0,0.0,12.5,0.0,0.0,0.0,0.0,0.0,0.0,0.0,0.0,0.0,0.0,0.0,0.0,0.0,0.0,0.0,0.0,0.0,0.0,0.0,0.0,0.0,0.0,0.0,0.0,0.0,0.0,0.0,0.0,87.5,0.0,0.0,0.0,0.0,0.0,0.0,0.0,0.0,0.0,0.0,0.0
81,Honduras,,,,,,,,,,,,,,,,,,,,,,,,,,,,,,,,,,,,,,,,,,,
82,Hong Kong*,0.0,0.0,0.0,0.0,0.0,0.0,0.0,0.0,0.0,0.0,0.0,0.0,25.0,0.0,0.0,0.0,0.0,0.0,0.0,0.0,0.0,0.0,0.0,0.0,0.0,0.0,0.0,0.0,0.0,0.0,25.0,0.0,0.0,0.0,50.0,0.0,0.0,0.0,0.0,0.0,0.0,0.0,0.0
83,Hungary,23.169601482854496,0.0,4.170528266913809,0.0,0.0,0.0,0.0,1.8535681186283595,1.2974976830398517,12.696941612604263,0.0,0.0,0.0,0.18535681186283595,21.03799814643188,7.414272474513438,0.0,10.194624652455978,4.170528266913809,0.0,0.0,0.0,0.8341056533827619,0.0,3.5217794253938832,0.0,0.0,0.0,0.7414272474513438,0.0,0.18535681186283595,1.5755329008341055,0.0,0.0,0.0,0.0,0.09267840593141798,0.0,0.0,0.0,0.0,1.8535681186283595,5.004633920296571
84,Iceland,0.0,0.0,11.76470588235294,0.0,0.0,0.0,0.0,0.0,0.0,0.0,0.0,0.0,0.0,0.0,0.0,0.0,0.0,0.0,82.35294117647058,0.0,0.0,0.0,5.88235294117647,0.0,0.0,0.0,0.0,0.0,0.0,0.0,0.0,0.0,0.0,0.0,0.0,0.0,0.0,0.0,0.0,0.0,0.0,0.0,0.0
85,India,0.0,0.0,1.0869565217391304,0.5434782608695652,0.0,0.0,0.0,1.0869565217391304,0.0,0.0,0.0,0.0,0.0,0.0,0.0,0.0,0.0,0.0,0.0,91.84782608695652,0.0,0.0,0.0,0.0,0.0,0.0,0.0,0.0,0.0,0.0,0.0,2.1739130434782608,0.0,0.0,0.0,0.0,0.5434782608695652,0.0,0.0,0.0,0.0,0.5434782608695652,2.1739130434782608
86,Indonesia,0.0,7.894736842105263,0.0,68.42105263157895,0.0,0.0,0.0,0.0,0.0,0.0,0.0,0.0,0.0,0.0,0.0,0.0,0.0,0.0,0.0,0.0,0.0,0.0,0.0,0.0,0.0,0.0,0.0,0.0,0.0,0.0,0.0,0.0,0.0,0.0,0.0,0.0,0.0,0.0,0.0,0.0,0.0,23.684210526315788,0.0
87,Iran,0.0,0.0,1.639344262295082,0.0,0.0,0.0,0.0,0.0,0.0,0.0,0.0,0.0,0.0,0.0,0.0,0.0,0.0,0.0,0.0,0.0,0.0,0.0,0.0,0.0,0.0,0.0,0.0,0.0,0.0,0.0,0.0,0.0,0.0,0.0,0.0,8.19672131147541,0.0,0.0,0.0,0.0,0.0,27.86885245901639,62.295081967213115
88,Iraq,0.0,0.0,0.0,0.0,0.0,0.0,0.0,0.0,0.0,0.0,0.0,0.0,0.0,0.0,0.0,0.0,0.0,0.0,0.0,0.0,0.0,0.0,0.0,0.0,0.0,0.0,0.0,0.0,0.0,0.0,0.0,0.0,0.0,0.0,0.0,0.0,0.0,0.0,0.0,0.0,0.0,100.0,0.0
89,Ireland,13.333333333333334,0.0,23.333333333333332,0.0,0.0,0.0,0.0,53.333333333333336,0.0,0.0,0.0,0.0,0.0,3.3333333333333335,0.0,0.0,0.0,0.0,0.0,0.0,0.0,0.0,0.0,0.0,0.0,0.0,0.0,0.0,0.0,0.0,6.666666666666667,0.0,0.0,0.0,0.0,0.0,0.0,0.0,0.0,0.0,0.0,0.0,0.0
90,Israel,0.0,0.0,0.0,0.0,0.0,0.0,0.0,0.0,0.0,14.285714285714285,0.0,0.0,0.0,0.0,0.0,0.0,0.0,0.0,0.0,0.0,0.0,0.0,42.857142857142854,0.0,0.0,0.0,0.0,0.0,0.0,0.0,42.857142857142854,0.0,0.0,0.0,0.0,0.0,0.0,0.0,0.0,0.0,0.0,0.0,0.0
91,Italy,9.799382716049383,1.1574074074074074,5.555555555555555,0.0,0.0,1.7746913580246912,0.0,3.6265432098765435,0.07716049382716049,1.6975308641975309,0.0,0.0,8.873456790123457,3.4722222222222223,26.543209876543212,4.089506172839506,0.0,8.410493827160494,0.0,0.0,0.0,0.0,1.0030864197530864,0.0,1.0030864197530864,0.0,0.0,0.0,10.725308641975309,0.0,2.006172839506173,2.700617283950617,0.0,0.0,0.0,0.23148148148148145,0.07716049382716049,0.0,0.0,4.552469135802469,0.0,1.0802469135802468,1.5432098765432098
92,Jamaica,0.0,0.0,99.21259842519686,0.0,0.0,0.0,0.0,0.0,0.0,0.0,0.0,0.0,0.7874015748031495,0.0,0.0,0.0,0.0,0.0,0.0,0.0,0.0,0.0,0.0,0.0,0.0,0.0,0.0,0.0,0.0,0.0,0.0,0.0,0.0,0.0,0.0,0.0,0.0,0.0,0.0,0.0,0.0,0.0,0.0
93,Japan,19.16243654822335,0.8883248730964468,3.2994923857868024,0.25380710659898476,8.121827411167512,0.0,0.0,0.6345177664974619,0.0,0.0,0.0,0.0,0.7614213197969544,0.12690355329949238,0.6345177664974619,4.314720812182741,0.0,20.17766497461929,0.0,1.3959390862944163,0.0,0.0,9.137055837563452,0.0,0.0,0.0,0.0,0.0,0.0,0.0,0.5076142131979695,0.7614213197969544,0.0,5.710659898477157,0.3807106598984772,0.12690355329949238,0.3807106598984772,0.0,0.0,13.705583756345177,0.0,1.6497461928934012,7.868020304568528
94,Jordan,,,,,,,,,,,,,,,,,,,,,,,,,,,,,,,,,,,,,,,,,,,
95,Kazakhstan,0.0,0.0,6.122448979591836,0.0,0.0,0.0,0.0,34.69387755102041,0.0,0.0,0.0,0.0,4.081632653061225,0.0,0.0,0.0,0.0,0.0,0.0,0.0,0.0,0.0,2.0408163265306123,0.0,2.0408163265306123,0.0,0.0,0.0,0.0,0.0,0.0,6.122448979591836,0.0,0.0,0.0,2.0408163265306123,0.0,0.0,0.0,0.0,0.0,14.285714285714285,28.57142857142857
96,Kenya,0.0,0.0,92.47311827956989,0.0,0.0,0.0,0.0,7.526881720430108,0.0,0.0,0.0,0.0,0.0,0.0,0.0,0.0,0.0,0.0,0.0,0.0,0.0,0.0,0.0,0.0,0.0,0.0,0.0,0.0,0.0,0.0,0.0,0.0,0.0,0.0,0.0,0.0,0.0,0.0,0.0,0.0,0.0,0.0,0.0
97,"Korea, North",0.0,0.0,0.0,0.0,0.0,0.0,0.0,13.793103448275861,0.0,0.0,0.0,0.0,0.0,0.0,0.0,0.0,0.0,3.4482758620689653,0.0,0.0,0.0,0.0,13.793103448275861,0.0,0.0,0.0,0.0,0.0,0.0,0.0,0.0,3.4482758620689653,0.0,0.0,6.896551724137931,0.0,0.0,0.0,0.0,18.96551724137931,0.0,22.413793103448278,17.24137931034483
98,"Korea, South",0.7561436672967864,11.342155009451796,0.3780718336483932,6.238185255198488,9.073724007561438,2.2684310018903595,0.0,3.780718336483932,0.0,0.0,0.0,0.0,0.0,0.0,3.402646502835539,3.402646502835539,0.0,1.7013232514177694,18.147448015122876,9.073724007561438,0.0,0.0,7.561436672967864,0.0,0.0,0.0,0.0,0.0,0.0,0.0,0.0,2.6465028355387523,0.0,0.0,6.238185255198488,2.6465028355387523,0.0,0.0,0.0,2.2684310018903595,0.0,2.4574669187145557,6.61625708884688
99,Kuwait,0.0,0.0,0.0,0.0,0.0,0.0,0.0,0.0,0.0,0.0,0.0,0.0,0.0,0.0,0.0,0.0,0.0,0.0,0.0,0.0,0.0,0.0,0.0,0.0,0.0,0.0,0.0,0.0,0.0,0.0,0.0,100.0,0.0,0.0,0.0,0.0,0.0,0.0,0.0,0.0,0.0,0.0,0.0
100,Kyrgyzstan,0.0,0.0,0.0,0.0,0.0,0.0,0.0,0.0,0.0,0.0,0.0,0.0,0.0,0.0,0.0,0.0,0.0,0.0,0.0,0.0,0.0,0.0,33.33333333333333,0.0,0.0,0.0,0.0,0.0,0.0,0.0,0.0,0.0,0.0,0.0,0.0,0.0,0.0,0.0,0.0,0.0,0.0,0.0,66.66666666666666
101,Laos,,,,,,,,,,,,,,,,,,,,,,,,,,,,,,,,,,,,,,,,,,,
102,Latvia,0.0,0.0,25.0,0.0,0.0,0.0,0.0,0.0,0.0,10.0,0.0,0.0,15.0,0.0,0.0,0.0,0.0,10.0,0.0,0.0,0.0,0.0,5.0,0.0,5.0,0.0,0.0,0.0,0.0,0.0,0.0,5.0,0.0,0.0,0.0,0.0,0.0,0.0,0.0,10.0,0.0,10.0,5.0
103,Lebanon,0.0,0.0,0.0,0.0,0.0,0.0,0.0,0.0,0.0,0.0,0.0,0.0,0.0,0.0,0.0,0.0,0.0,0.0,0.0,0.0,0.0,0.0,0.0,0.0,0.0,0.0,0.0,0.0,0.0,0.0,0.0,0.0,0.0,0.0,0.0,0.0,0.0,0.0,0.0,0.0,0.0,25.0,75.0
104,Lesotho,,,,,,,,,,,,,,,,,,,,,,,,,,,,,,,,,,,,,,,,,,,
105,Liberia,,,,,,,,,,,,,,,,,,,,,,,,,,,,,,,,,,,,,,,,,,,
106,Libya,,,,,,,,,,,,,,,,,,,,,,,,,,,,,,,,,,,,,,,,,,,
107,Liechtenstein,,,,,,,,,,,,,,,,,,,,,,,,,,,,,,,,,,,,,,,,,,,
108,Lithuania,1.8181818181818181,0.0,9.090909090909092,0.0,0.0,65.45454545454545,0.0,1.8181818181818181,1.8181818181818181,0.0,0.0,0.0,1.8181818181818181,0.0,0.0,0.0,0.0,0.0,0.0,0.0,0.0,0.0,0.0,0.0,7.2727272727272725,0.0,0.0,0.0,3.6363636363636362,0.0,1.8181818181818181,1.8181818181818181,0.0,0.0,0.0,0.0,0.0,0.0,0.0,0.0,0.0,0.0,3.6363636363636362
109,Luxembourg,0.0,0.0,50.0,0.0,0.0,0.0,0.0,0.0,0.0,0.0,0.0,0.0,0.0,0.0,0.0,0.0,0.0,0.0,0.0,0.0,0.0,0.0,0.0,0.0,0.0,0.0,0.0,0.0,0.0,0.0,0.0,0.0,0.0,0.0,0.0,0.0,0.0,0.0,0.0,0.0,0.0,50.0,0.0
110,Macedonia,0.0,0.0,0.0,0.0,0.0,0.0,0.0,0.0,0.0,0.0,0.0,0.0,0.0,0.0,0.0,0.0,0.0,0.0,0.0,0.0,0.0,0.0,0.0,0.0,0.0,0.0,0.0,0.0,0.0,0.0,0.0,0.0,0.0,0.0,0.0,0.0,0.0,0.0,0.0,0.0,0.0,0.0,100.0
111,Madagascar,,,,,,,,,,,,,,,,,,,,,,,,,,,,,,,,,,,,,,,,,,,
112,Malawi,,,,,,,,,,,,,,,,,,,,,,,,,,,,,,,,,,,,,,,,,,,
113,Malaysia,12.5,0.0,0.0,87.5,0.0,0.0,0.0,0.0,0.0,0.0,0.0,0.0,0.0,0.0,0.0,0.0,0.0,0.0,0.0,0.0,0.0,0.0,0.0,0.0,0.0,0.0,0.0,0.0,0.0,0.0,0.0,0.0,0.0,0.0,0.0,0.0,0.0,0.0,0.0,0.0,0.0,0.0,0.0
114,Maldives,,,,,,,,,,,,,,,,,,,,,,,,,,,,,,,,,,,,,,,,,,,
115,Mali,,,,,,,,,,,,,,,,,,,,,,,,,,,,,,,,,,,,,,,,,,,
116,Malta,,,,,,,,,,,,,,,,,,,,,,,,,,,,,,,,,,,,,,,,,,,
117,Mauritania,,,,,,,,,,,,,,,,,,,,,,,,,,,,,,,,,,,,,,,,,,,
118,Mauritius,0.0,0.0,0.0,0.0,0.0,0.0,0.0,100.0,0.0,0.0,0.0,0.0,0.0,0.0,0.0,0.0,0.0,0.0,0.0,0.0,0.0,0.0,0.0,0.0,0.0,0.0,0.0,0.0,0.0,0.0,0.0,0.0,0.0,0.0,0.0,0.0,0.0,0.0,0.0,0.0,0.0,0.0,0.0
119,Mexico,16.9811320754717,1.8867924528301887,9.433962264150944,0.0,0.0,10.377358490566039,0.0,11.320754716981133,0.0,0.0,0.0,0.0,1.8867924528301887,17.92452830188679,0.9433962264150944,16.9811320754717,0.0,0.0,0.0,0.0,0.0,0.0,0.0,0.0,0.0,3.7735849056603774,0.0,0.0,0.0,0.0,0.0,0.9433962264150944,0.0,0.0,0.0,5.660377358490567,0.0,0.0,0.0,0.0,0.0,0.9433962264150944,0.9433962264150944
120,Micronesia,,,,,,,,,,,,,,,,,,,,,,,,,,,,,,,,,,,,,,,,,,,
121,Moldova,0.0,0.0,0.0,0.0,0.0,0.0,0.0,33.33333333333333,0.0,33.33333333333333,0.0,0.0,0.0,0.0,0.0,0.0,0.0,0.0,0.0,0.0,0.0,0.0,0.0,0.0,0.0,0.0,0.0,0.0,0.0,0.0,0.0,16.666666666666664,0.0,0.0,0.0,0.0,0.0,0.0,0.0,0.0,0.0,0.0,16.666666666666664
122,Monaco,,,,,,,,,,,,,,,,,,,,,,,,,,,,,,,,,,,,,,,,,,,
123,Mongolia,0.0,0.0,0.0,0.0,0.0,0.0,0.0,25.0,0.0,0.0,0.0,0.0,0.0,0.0,0.0,0.0,0.0,0.0,0.0,0.0,0.0,0.0,29.166666666666668,0.0,0.0,0.0,0.0,0.0,0.0,0.0,0.0,8.333333333333332,0.0,0.0,0.0,0.0,0.0,0.0,0.0,0.0,0.0,0.0,37.5
124,Morocco,0.0,0.0,86.36363636363636,0.0,0.0,0.0,0.0,13.636363636363635,0.0,0.0,0.0,0.0,0.0,0.0,0.0,0.0,0.0,0.0,0.0,0.0,0.0,0.0,0.0,0.0,0.0,0.0,0.0,0.0,0.0,0.0,0.0,0.0,0.0,0.0,0.0,0.0,0.0,0.0,0.0,0.0,0.0,0.0,0.0
125,Mozambique,0.0,0.0,100.0,0.0,0.0,0.0,0.0,0.0,0.0,0.0,0.0,0.0,0.0,0.0,0.0,0.0,0.0,0.0,0.0,0.0,0.0,0.0,0.0,0.0,0.0,0.0,0.0,0.0,0.0,0.0,0.0,0.0,0.0,0.0,0.0,0.0,0.0,0.0,0.0,0.0,0.0,0.0,0.0
126,Namibia,0.0,0.0,100.0,0.0,0.0,0.0,0.0,0.0,0.0,0.0,0.0,0.0,0.0,0.0,0.0,0.0,0.0,0.0,0.0,0.0,0.0,0.0,0.0,0.0,0.0,0.0,0.0,0.0,0.0,0.0,0.0,0.0,0.0,0.0,0.0,0.0,0.0,0.0,0.0,0.0,0.0,0.0,0.0
127,Nauru,,,,,,,,,,,,,,,,,,,,,,,,,,,,,,,,,,,,,,,,,,,
128,Nepal,,,,,,,,,,,,,,,,,,,,,,,,,,,,,,,,,,,,,,,,,,,
129,Netherlands,16.686251468860164,1.0575793184488838,2.4676850763807283,0.11750881316098707,0.0,0.0,0.0,0.7050528789659225,0.0,1.410105757931845,0.0,0.0,7.1680376028202115,6.580493537015276,2.82021151586369,4.230317273795535,0.0,1.527614571092832,0.0,29.25969447708578,0.0,0.0,2.5851938895417157,0.0,0.0,0.0,0.0,0.0,13.748531139835487,0.0,4.3478260869565215,0.7050528789659225,0.0,0.0,0.0,0.0,0.4700352526439483,0.0,0.9400705052878966,2.82021151586369,0.0,0.35252643948296125,0.0
130,Netherlands Antilles*,0.0,0.0,0.0,0.0,0.0,0.0,0.0,0.0,0.0,0.0,0.0,0.0,0.0,0.0,0.0,0.0,0.0,0.0,0.0,0.0,0.0,0.0,0.0,0.0,0.0,0.0,0.0,0.0,0.0,0.0,100.0,0.0,0.0,0.0,0.0,0.0,0.0,0.0,0.0,0.0,0.0,0.0,0.0
131,New Zealand,3.1578947368421053,0.0,10.526315789473683,0.0,0.0,0.0,0.0,1.5789473684210527,0.5263157894736842,7.368421052631578,0.0,0.0,6.842105263157896,12.105263157894736,0.0,0.0,0.0,0.0,0.0,8.421052631578947,0.0,0.0,0.0,0.0,0.0,0.0,0.0,0.0,33.68421052631579,0.0,13.684210526315791,0.5263157894736842,0.0,0.0,0.0,0.0,0.0,1.5789473684210527,0.0,0.0,0.0,0.0,0.0
132,Nicaragua,,,,,,,,,,,,,,,,,,,,,,,,,,,,,,,,,,,,,,,,,,,
133,Niger,0.0,0.0,0.0,0.0,0.0,0.0,0.0,100.0,0.0,0.0,0.0,0.0,0.0,0.0,0.0,0.0,0.0,0.0,0.0,0.0,0.0,0.0,0.0,0.0,0.0,0.0,0.0,0.0,0.0,0.0,0.0,0.0,0.0,0.0,0.0,0.0,0.0,0.0,0.0,0.0,0.0,0.0,0.0
134,Nigeria,0.0,0.0,47.61904761904761,0.0,0.0,0.0,0.0,7.142857142857142,0.0,0.0,0.0,0.0,0.0,0.0,0.0,42.857142857142854,0.0,0.0,0.0,0.0,0.0,0.0,0.0,0.0,0.0,0.0,0.0,0.0,0.0,0.0,0.0,0.0,0.0,0.0,0.0,1.1904761904761905,0.0,0.0,0.0,0.0,0.0,1.1904761904761905,0.0
135,Norway,0.36101083032490977,0.0,3.6101083032490973,0.0,0.0,0.0,0.0,0.9025270758122743,0.18050541516245489,3.790613718411552,0.0,0.0,0.7220216606498195,0.5415162454873645,0.18050541516245489,9.025270758122744,0.0,18.95306859205776,12.996389891696749,0.0,0.0,0.0,0.0,0.0,0.0,0.0,0.0,0.0,9.386281588447654,0.0,23.28519855595668,13.718411552346572,0.7220216606498195,0.0,0.0,0.36101083032490977,0.18050541516245489,0.0,0.0,0.0,0.0,0.18050541516245489,0.9025270758122743
136,Oman,,,,,,,,,,,,,,,,,,,,,,,,,,,,,,,,,,,,,,,,,,,
137,Pakistan,0.0,0.0,0.0,0.0,0.0,0.0,0.0,0.8264462809917356,0.0,0.0,0.0,0.0,0.0,0.0,0.0,0.0,0.0,0.0,0.0,98.34710743801654,0.0,0.0,0.0,0.0,0.0,0.0,0.0,0.0,0.0,0.0,0.0,0.0,0.0,0.0,0.0,0.0,0.0,0.0,0.0,0.0,0.0,0.0,0.8264462809917356
138,Palau,,,,,,,,,,,,,,,,,,,,,,,,,,,,,,,,,,,,,,,,,,,
139,"Palestine, Occupied Territories",,,,,,,,,,,,,,,,,,,,,,,,,,,,,,,,,,,,,,,,,,,
140,Panama,0.0,0.0,100.0,0.0,0.0,0.0,0.0,0.0,0.0,0.0,0.0,0.0,0.0,0.0,0.0,0.0,0.0,0.0,0.0,0.0,0.0,0.0,0.0,0.0,0.0,0.0,0.0,0.0,0.0,0.0,0.0,0.0,0.0,0.0,0.0,0.0,0.0,0.0,0.0,0.0,0.0,0.0,0.0
141,Papua New Guinea,,,,,,,,,,,,,,,,,,,,,,,,,,,,,,,,,,,,,,,,,,,
142,Paraguay,0.0,0.0,0.0,0.0,0.0,0.0,0.0,0.0,0.0,0.0,0.0,0.0,0.0,0.0,0.0,100.0,0.0,0.0,0.0,0.0,0.0,0.0,0.0,0.0,0.0,0.0,0.0,0.0,0.0,0.0,0.0,0.0,0.0,0.0,0.0,0.0,0.0,0.0,0.0,0.0,0.0,0.0,0.0
143,Peru,0.0,0.0,0.0,0.0,0.0,0.0,0.0,0.0,0.0,0.0,0.0,0.0,0.0,0.0,0.0,0.0,0.0,0.0,0.0,0.0,0.0,0.0,0.0,0.0,0.0,0.0,0.0,0.0,0.0,0.0,0.0,20.0,0.0,0.0,0.0,0.0,0.0,0.0,0.0,80.0,0.0,0.0,0.0
144,Philippines,22.22222222222222,0.0,22.22222222222222,0.0,0.0,0.0,0.0,55.55555555555556,0.0,0.0,0.0,0.0,0.0,0.0,0.0,0.0,0.0,0.0,0.0,0.0,0.0,0.0,0.0,0.0,0.0,0.0,0.0,0.0,0.0,0.0,0.0,0.0,0.0,0.0,0.0,0.0,0.0,0.0,0.0,0.0,0.0,0.0,0.0
145,Poland,1.1741682974559686,0.7827788649706457,13.50293542074364,0.0,0.0,0.0,0.0,8.414872798434441,0.3913894324853229,6.262230919765166,0.0,0.0,4.305283757338552,2.935420743639922,15.851272015655576,9.001956947162427,0.0,1.761252446183953,2.73972602739726,0.0,0.0,0.0,1.5655577299412915,0.0,0.9784735812133072,0.0,0.0,0.0,9.001956947162427,0.0,0.7827788649706457,2.3483365949119372,0.0,0.0,0.0,0.0,0.0,0.0,0.0,7.045009784735812,0.0,6.262230919765166,4.892367906066536
146,Portugal,0.0,0.0,30.303030303030305,0.0,0.0,0.0,0.0,0.0,6.0606060606060606,0.0,0.0,0.0,3.0303030303030303,27.27272727272727,0.0,0.0,0.0,0.0,0.0,0.0,0.0,0.0,3.0303030303030303,0.0,0.0,0.0,0.0,0.0,0.0,0.0,24.242424242424242,3.0303030303030303,0.0,0.0,0.0,0.0,0.0,3.0303030303030303,0.0,0.0,0.0,0.0,0.0
147,Puerto Rico*,0.0,0.0,12.5,0.0,0.0,0.0,0.0,75.0,0.0,0.0,0.0,0.0,0.0,0.0,0.0,0.0,0.0,0.0,0.0,0.0,0.0,0.0,0.0,0.0,0.0,0.0,0.0,0.0,0.0,0.0,0.0,0.0,0.0,0.0,0.0,0.0,0.0,0.0,0.0,0.0,0.0,0.0,12.5
148,Qatar,0.0,0.0,50.0,0.0,0.0,0.0,0.0,0.0,0.0,0.0,0.0,0.0,0.0,0.0,0.0,0.0,0.0,0.0,0.0,0.0,0.0,0.0,0.0,0.0,0.0,0.0,0.0,0.0,0.0,0.0,0.0,25.0,0.0,0.0,0.0,0.0,0.0,0.0,0.0,0.0,0.0,25.0,0.0
149,Romania,,,,,,,,,,,,,,,,,,,,,,,,,,,,,,,,,,,,,,,,,,,
150,Russia,19.270833333333336,0.13020833333333331,13.020833333333334,0.26041666666666663,0.0,4.557291666666666,0.0,3.3854166666666665,0.6510416666666667,1.953125,0.0,0.0,2.473958333333333,0.0,6.119791666666666,0.0,0.0,14.192708333333334,5.598958333333334,0.0,0.0,0.0,1.6927083333333333,0.0,0.5208333333333333,0.0,0.0,0.0,2.213541666666667,0.0,0.390625,3.515625,0.0,0.0,0.0,0.390625,1.0416666666666665,0.0,0.0,9.375,0.0,3.125,6.119791666666666
151,Rwanda,,,,,,,,,,,,,,,,,,,,,,,,,,,,,,,,,,,,,,,,,,,
152,Saint Kitts and Nevis,,,,,,,,,,,,,,,,,,,,,,,,,,,,,,,,,,,,,,,,,,,
153,Saint Lucia,,,,,,,,,,,,,,,,,,,,,,,,,,,,,,,,,,,,,,,,,,,
154,Saint Vincent and the Grenadines,,,,,,,,,,,,,,,,,,,,,,,,,,,,,,,,,,,,,,,,,,,
155,Samoa,,,,,,,,,,,,,,,,,,,,,,,,,,,,,,,,,,,,,,,,,,,
156,San Marino,,,,,,,,,,,,,,,,,,,,,,,,,,,,,,,,,,,,,,,,,,,
157,Sao Tome and Principe,,,,,,,,,,,,,,,,,,,,,,,,,,,,,,,,,,,,,,,,,,,
158,Saudi Arabia,0.0,0.0,16.666666666666664,0.0,0.0,0.0,0.0,0.0,0.0,0.0,0.0,0.0,0.0,83.33333333333334,0.0,0.0,0.0,0.0,0.0,0.0,0.0,0.0,0.0,0.0,0.0,0.0,0.0,0.0,0.0,0.0,0.0,0.0,0.0,0.0,0.0,0.0,0.0,0.0,0.0,0.0,0.0,0.0,0.0
159,Senegal,0.0,0.0,100.0,0.0,0.0,0.0,0.0,0.0,0.0,0.0,0.0,0.0,0.0,0.0,0.0,0.0,0.0,0.0,0.0,0.0,0.0,0.0,0.0,0.0,0.0,0.0,0.0,0.0,0.0,0.0,0.0,0.0,0.0,0.0,0.0,0.0,0.0,0.0,0.0,0.0,0.0,0.0,0.0
160,Serbia,92.85714285714286,0.0,0.0,0.0,0.0,0.0,0.0,0.0,0.0,0.0,0.0,0.0,0.0,0.0,0.0,0.0,0.0,0.0,0.0,0.0,0.0,0.0,0.0,0.0,0.0,0.0,0.0,0.0,0.0,0.0,0.0,7.142857142857142,0.0,0.0,0.0,0.0,0.0,0.0,0.0,0.0,0.0,0.0,0.0
161,Seychelles,,,,,,,,,,,,,,,,,,,,,,,,,,,,,,,,,,,,,,,,,,,
162,Sierra Leone,,,,,,,,,,,,,,,,,,,,,,,,,,,,,,,,,,,,,,,,,,,
163,Singapore,0.0,0.0,0.0,0.0,0.0,0.0,0.0,0.0,0.0,0.0,0.0,0.0,0.0,0.0,0.0,0.0,0.0,0.0,0.0,0.0,0.0,0.0,0.0,0.0,0.0,0.0,0.0,0.0,0.0,0.0,0.0,0.0,0.0,0.0,75.0,0.0,0.0,0.0,0.0,0.0,0.0,25.0,0.0
164,Slovakia,5.88235294117647,0.0,0.0,0.0,0.0,0.0,0.0,0.0,8.823529411764707,64.70588235294117,0.0,0.0,0.0,0.0,0.0,0.0,0.0,0.0,0.0,0.0,0.0,0.0,2.941176470588235,0.0,0.0,0.0,0.0,0.0,0.0,0.0,0.0,14.705882352941178,0.0,0.0,0.0,0.0,0.0,0.0,0.0,0.0,0.0,0.0,2.941176470588235
165,Slovenia,3.8461538461538463,0.0,15.384615384615385,0.0,0.0,0.0,0.0,0.0,0.0,3.8461538461538463,0.0,0.0,0.0,0.0,0.0,0.0,0.0,0.0,0.0,0.0,0.0,0.0,11.538461538461538,0.0,0.0,0.0,0.0,0.0,46.15384615384615,0.0,7.6923076923076925,11.538461538461538,0.0,0.0,0.0,0.0,0.0,0.0,0.0,0.0,0.0,0.0,0.0
166,Solomon Islands,,,,,,,,,,,,,,,,,,,,,,,,,,,,,,,,,,,,,,,,,,,
167,Somalia,,,,,,,,,,,,,,,,,,,,,,,,,,,,,,,,,,,,,,,,,,,
168,South Africa,22.641509433962266,0.0,25.471698113207548,0.0,0.0,0.0,0.0,17.92452830188679,0.9433962264150944,0.0,0.0,0.0,15.09433962264151,0.0,0.0,0.0,0.0,0.0,0.0,0.0,0.0,0.0,0.0,0.0,0.0,0.0,0.0,0.0,5.660377358490567,0.0,0.0,4.716981132075472,0.0,0.0,0.0,0.0,7.547169811320755,0.0,0.0,0.0,0.0,0.0,0.0
169,Spain,15.158371040723981,0.6787330316742082,2.48868778280543,0.0,0.0,8.144796380090497,0.4524886877828055,0.904977375565611,0.6787330316742082,3.619909502262444,0.0,0.0,4.072398190045249,2.48868778280543,0.22624434389140274,10.85972850678733,0.0,2.48868778280543,13.34841628959276,17.647058823529413,0.0,0.0,1.3574660633484164,0.0,0.0,1.3574660633484164,0.0,0.0,0.4524886877828055,0.0,7.46606334841629,0.6787330316742082,0.0,0.0,0.0,0.904977375565611,3.3936651583710407,0.22624434389140274,0.0,0.4524886877828055,0.0,0.22624434389140274,0.22624434389140274
170,Sri Lanka,0.0,0.0,100.0,0.0,0.0,0.0,0.0,0.0,0.0,0.0,0.0,0.0,0.0,0.0,0.0,0.0,0.0,0.0,0.0,0.0,0.0,0.0,0.0,0.0,0.0,0.0,0.0,0.0,0.0,0.0,0.0,0.0,0.0,0.0,0.0,0.0,0.0,0.0,0.0,0.0,0.0,0.0,0.0
171,Sudan,0.0,0.0,100.0,0.0,0.0,0.0,0.0,0.0,0.0,0.0,0.0,0.0,0.0,0.0,0.0,0.0,0.0,0.0,0.0,0.0,0.0,0.0,0.0,0.0,0.0,0.0,0.0,0.0,0.0,0.0,0.0,0.0,0.0,0.0,0.0,0.0,0.0,0.0,0.0,0.0,0.0,0.0,0.0
172,Suriname,100.0,0.0,0.0,0.0,0.0,0.0,0.0,0.0,0.0,0.0,0.0,0.0,0.0,0.0,0.0,0.0,0.0,0.0,0.0,0.0,0.0,0.0,0.0,0.0,0.0,0.0,0.0,0.0,0.0,0.0,0.0,0.0,0.0,0.0,0.0,0.0,0.0,0.0,0.0,0.0,0.0,0.0,0.0
173,Swaziland,,,,,,,,,,,,,,,,,,,,,,,,,,,,,,,,,,,,,,,,,,,
174,Sweden,9.67432950191571,0.19157088122605362,9.865900383141762,0.0,0.0,0.0,0.0,1.053639846743295,0.0,5.459770114942529,0.0,0.0,3.4482758620689653,7.758620689655173,2.490421455938697,4.406130268199234,0.0,11.877394636015326,5.938697318007663,0.0,0.0,0.0,0.0,0.0,2.3946360153256707,0.0,0.0,0.0,0.9578544061302682,0.0,10.82375478927203,12.164750957854405,0.5747126436781609,0.0,0.28735632183908044,0.0,1.3409961685823755,0.09578544061302681,0.7662835249042145,0.0,0.0,0.38314176245210724,8.045977011494253
175,Switzerland,0.2631578947368421,0.0,2.1052631578947367,0.0,0.0,0.0,0.0,0.0,0.0,1.0526315789473684,0.0,0.0,6.052631578947368,13.421052631578947,6.052631578947368,5.7894736842105265,0.0,21.842105263157897,4.473684210526316,0.0,0.0,0.0,1.0526315789473684,0.0,0.0,0.0,0.0,0.0,18.421052631578945,0.0,1.5789473684210527,10.526315789473683,0.0,0.0,0.0,0.0,1.0526315789473684,1.0526315789473684,0.0,0.5263157894736842,0.0,1.0526315789473684,3.684210526315789
176,Syria,0.0,0.0,33.33333333333333,0.0,0.0,0.0,0.0,33.33333333333333,0.0,0.0,0.0,0.0,0.0,0.0,0.0,0.0,0.0,0.0,0.0,0.0,0.0,0.0,0.0,0.0,0.0,0.0,0.0,0.0,0.0,0.0,0.0,0.0,0.0,0.0,0.0,0.0,0.0,0.0,0.0,0.0,0.0,0.0,33.33333333333333
177,Taiwan,0.0,13.636363636363635,4.545454545454546,0.0,45.45454545454545,0.0,0.0,0.0,0.0,0.0,0.0,0.0,0.0,0.0,0.0,0.0,0.0,0.0,0.0,0.0,0.0,0.0,0.0,0.0,0.0,0.0,0.0,0.0,0.0,0.0,0.0,0.0,0.0,0.0,4.545454545454546,18.181818181818183,0.0,0.0,0.0,0.0,0.0,13.636363636363635,0.0
178,Tajikistan,0.0,0.0,0.0,0.0,0.0,0.0,0.0,33.33333333333333,0.0,0.0,0.0,0.0,0.0,0.0,0.0,0.0,0.0,0.0,0.0,0.0,0.0,0.0,33.33333333333333,0.0,0.0,0.0,0.0,0.0,0.0,0.0,0.0,0.0,0.0,0.0,0.0,0.0,0.0,0.0,0.0,0.0,0.0,0.0,33.33333333333333
179,Tanzania,0.0,0.0,100.0,0.0,0.0,0.0,0.0,0.0,0.0,0.0,0.0,0.0,0.0,0.0,0.0,0.0,0.0,0.0,0.0,0.0,0.0,0.0,0.0,0.0,0.0,0.0,0.0,0.0,0.0,0.0,0.0,0.0,0.0,0.0,0.0,0.0,0.0,0.0,0.0,0.0,0.0,0.0,0.0
180,Thailand,0.0,0.0,0.0,0.0,0.0,0.0,0.0,56.00000000000001,0.0,0.0,0.0,0.0,0.0,0.0,0.0,0.0,0.0,0.0,0.0,0.0,0.0,0.0,0.0,0.0,0.0,0.0,0.0,0.0,0.0,0.0,0.0,0.0,0.0,0.0,0.0,12.0,0.0,0.0,0.0,0.0,0.0,32.0,0.0
181,Togo,0.0,0.0,0.0,0.0,0.0,0.0,0.0,0.0,0.0,100.0,0.0,0.0,0.0,0.0,0.0,0.0,0.0,0.0,0.0,0.0,0.0,0.0,0.0,0.0,0.0,0.0,0.0,0.0,0.0,0.0,0.0,0.0,0.0,0.0,0.0,0.0,0.0,0.0,0.0,0.0,0.0,0.0,0.0
182,Tonga,0.0,0.0,0.0,0.0,0.0,0.0,0.0,100.0,0.0,0.0,0.0,0.0,0.0,0.0,0.0,0.0,0.0,0.0,0.0,0.0,0.0,0.0,0.0,0.0,0.0,0.0,0.0,0.0,0.0,0.0,0.0,0.0,0.0,0.0,0.0,0.0,0.0,0.0,0.0,0.0,0.0,0.0,0.0
183,Trinidad and Tobago,5.0,0.0,80.0,0.0,0.0,0.0,0.0,0.0,0.0,0.0,0.0,0.0,0.0,0.0,0.0,0.0,0.0,0.0,0.0,0.0,0.0,0.0,0.0,0.0,0.0,0.0,0.0,0.0,0.0,0.0,0.0,0.0,0.0,0.0,0.0,0.0,0.0,0.0,0.0,0.0,0.0,15.0,0.0
184,Tunisia,30.0,0.0,50.0,0.0,0.0,0.0,0.0,20.0,0.0,0.0,0.0,0.0,0.0,0.0,0.0,0.0,0.0,0.0,0.0,0.0,0.0,0.0,0.0,0.0,0.0,0.0,0.0,0.0,0.0,0.0,0.0,0.0,0.0,0.0,0.0,0.0,0.0,0.0,0.0,0.0,0.0,0.0,0.0
185,Turkey,0.0,0.0,5.813953488372093,0.0,0.0,0.0,0.0,5.813953488372093,0.0,0.0,0.0,0.0,0.0,0.0,0.0,0.0,0.0,0.0,0.0,0.0,0.0,0.0,2.3255813953488373,0.0,0.0,0.0,0.0,0.0,0.0,0.0,0.0,0.0,0.0,0.0,0.0,6.976744186046512,0.0,0.0,0.0,0.0,0.0,11.627906976744185,67.44186046511628
186,Turkmenistan,,,,,,,,,,,,,,,,,,,,,,,,,,,,,,,,,,,,,,,,,,,
187,Uganda,0.0,0.0,42.857142857142854,0.0,0.0,0.0,0.0,57.14285714285714,0.0,0.0,0.0,0.0,0.0,0.0,0.0,0.0,0.0,0.0,0.0,0.0,0.0,0.0,0.0,0.0,0.0,0.0,0.0,0.0,0.0,0.0,0.0,0.0,0.0,0.0,0.0,0.0,0.0,0.0,0.0,0.0,0.0,0.0,0.0
188,Ukraine,6.358381502890173,4.624277456647398,11.560693641618498,0.0,0.0,0.0,0.0,8.092485549132949,1.7341040462427744,3.4682080924855487,0.0,0.0,3.4682080924855487,0.0,4.046242774566474,0.0,0.0,15.606936416184972,8.670520231213873,0.0,0.0,0.0,1.7341040462427744,0.0,0.5780346820809248,0.0,0.0,0.0,6.9364161849710975,0.0,6.358381502890173,4.046242774566474,0.0,0.0,0.0,0.0,0.0,0.0,0.0,0.0,0.0,4.624277456647398,8.092485549132949
189,United Arab Emirates,0.0,0.0,0.0,0.0,0.0,0.0,0.0,0.0,0.0,0.0,0.0,0.0,0.0,0.0,0.0,0.0,0.0,0.0,0.0,0.0,0.0,0.0,0.0,0.0,0.0,0.0,0.0,0.0,0.0,0.0,0.0,100.0,0.0,0.0,0.0,0.0,0.0,0.0,0.0,0.0,0.0,0.0,0.0
190,United Kingdom,8.255813953488373,0.7558139534883721,17.151162790697676,0.23255813953488372,0.0,0.0,0.0,3.0813953488372094,0.4069767441860465,0.5232558139534884,0.6976744186046512,0.0,8.430232558139535,4.4186046511627906,1.3953488372093024,1.9186046511627908,0.11627906976744186,2.6744186046511627,0.0,7.325581395348838,0.0,0.11627906976744186,1.0465116279069768,1.0465116279069768,0.6395348837209303,1.4534883720930232,0.5813953488372093,0.0,14.186046511627906,1.744186046511628,7.790697674418605,5.523255813953488,0.5232558139534884,0.0,0.0,0.1744186046511628,3.5465116279069764,0.11627906976744186,2.5,0.0,0.23255813953488372,0.4069767441860465,0.9883720930232558
191,United States,25.823336968375138,1.1995637949836424,21.679389312977097,0.0,1.4830970556161396,6.935659760087241,0.0,2.420937840785169,0.0,0.45801526717557256,0.0,0.0,1.4394765539803707,2.639040348964013,1.1341330425299891,2.8789531079607413,0.5888767720828789,3.8822246455834244,0.0,0.6106870229007634,0.23991275899672848,0.021810250817884406,0.2617230098146129,0.2835332606324973,0.3707742639040349,0.19629225736095968,0.0,0.06543075245365322,7.938931297709924,1.0032715376226826,3.0316248636859324,4.143947655398037,0.021810250817884406,1.3086150490730644,0.0,0.17448200654307525,1.1777535441657578,0.021810250817884406,0.3271537622682661,2.486368593238822,0.0,0.9378407851690295,2.813522355507088
192,Uruguay,0.0,0.0,0.0,0.0,0.0,31.57894736842105,0.0,1.3157894736842104,0.0,0.0,0.0,0.0,1.3157894736842104,0.0,0.0,57.89473684210527,0.0,0.0,0.0,0.0,0.0,0.0,0.0,0.0,0.0,0.0,0.0,0.0,7.894736842105263,0.0,0.0,0.0,0.0,0.0,0.0,0.0,0.0,0.0,0.0,0.0,0.0,0.0,0.0
193,Uzbekistan,0.0,0.0,0.0,0.0,0.0,0.0,0.0,35.0,0.0,0.0,0.0,0.0,0.0,0.0,0.0,0.0,0.0,10.0,0.0,0.0,0.0,0.0,20.0,0.0,0.0,0.0,0.0,0.0,0.0,0.0,0.0,0.0,0.0,0.0,0.0,0.0,0.0,0.0,0.0,0.0,0.0,0.0,35.0
194,Vanuatu,,,,,,,,,,,,,,,,,,,,,,,,,,,,,,,,,,,,,,,,,,,
195,Venezuela,8.333333333333332,0.0,8.333333333333332,0.0,0.0,0.0,0.0,41.66666666666667,0.0,0.0,0.0,0.0,0.0,0.0,8.333333333333332,0.0,0.0,0.0,0.0,0.0,0.0,0.0,0.0,0.0,0.0,0.0,0.0,0.0,0.0,0.0,0.0,8.333333333333332,0.0,0.0,0.0,16.666666666666664,0.0,0.0,0.0,0.0,0.0,8.333333333333332,0.0
196,Vietnam,0.0,0.0,0.0,0.0,0.0,0.0,0.0,0.0,0.0,0.0,0.0,0.0,0.0,0.0,0.0,0.0,0.0,0.0,0.0,0.0,0.0,0.0,0.0,0.0,0.0,0.0,0.0,0.0,0.0,0.0,0.0,0.0,0.0,0.0,0.0,50.0,0.0,0.0,0.0,0.0,0.0,50.0,0.0
197,Virgin Islands*,0.0,0.0,0.0,0.0,0.0,0.0,0.0,0.0,0.0,0.0,0.0,0.0,0.0,0.0,0.0,0.0,0.0,0.0,0.0,0.0,0.0,0.0,0.0,0.0,0.0,0.0,0.0,0.0,0.0,0.0,100.0,0.0,0.0,0.0,0.0,0.0,0.0,0.0,0.0,0.0,0.0,0.0,0.0
198,Yemen,,,,,,,,,,,,,,,,,,,,,,,,,,,,,,,,,,,,,,,,,,,
199,Zambia,0.0,0.0,50.0,0.0,0.0,0.0,0.0,50.0,0.0,0.0,0.0,0.0,0.0,0.0,0.0,0.0,0.0,0.0,0.0,0.0,0.0,0.0,0.0,0.0,0.0,0.0,0.0,0.0,0.0,0.0,0.0,0.0,0.0,0.0,0.0,0.0,0.0,0.0,0.0,0.0,0.0,0.0,0.0
200,Zimbabwe,30.434782608695656,0.0,0.0,0.0,0.0,0.0,0.0,0.0,0.0,0.0,0.0,0.0,0.0,0.0,0.0,0.0,0.0,0.0,0.0,69.56521739130434,0.0,0.0,0.0,0.0,0.0,0.0,0.0,0.0,0.0,0.0,0.0,0.0,0.0,0.0,0.0,0.0,0.0,0.0,0.0,0.0,0.0,0.0,0.0
201,,,,,,,,,,,,,,,,,,,,,,,,,,,,,,,,,,,,,,,,,,,,
