frame,Coord
166,"[(142.5, 424.5)]"
167,"[(138.5, 423.5)]"
168,"[(141.0, 423.0)]"
169,"[(135.5, 421.5), (350.0, 371.0)]"
170,"[(135.0, 416.0), (350.0, 365.0)]"
171,"[(132.0, 415.0), (350.0, 364.0)]"
172,"[(129.5, 413.5), (794.5, 232.5), (348.5, 362.5)]"
173,"[(125.0, 414.0), (790.0, 231.0), (339.5, 362.5)]"
174,"[(121.0, 415.0), (339.0, 363.0), (783.5, 231.5)]"
175,"[(119.0, 415.0), (782.0, 227.0), (336.5, 364.5)]"
176,"[(778.5, 226.5), (116.5, 416.5)]"
177,"[(774.5, 225.5)]"
195,"[(460.0, 298.0)]"
196,"[(463.0, 296.0), (85.5, 421.5)]"
197,"[(460.5, 290.5), (90.0, 413.0)]"
198,"[(458.5, 289.5), (92.0, 411.0)]"
199,"[(459.5, 288.5), (91.5, 410.5), (309.5, 353.5)]"
200,"[(459.0, 286.0), (92.0, 409.0), (308.0, 351.0)]"
201,"[(460.5, 285.5), (90.0, 411.0), (307.5, 348.5)]"
202,"[(465.0, 287.0), (308.0, 348.0), (92.5, 411.5)]"
203,"[(467.5, 288.5), (91.5, 414.5), (669.5, 258.5)]"
204,"[(468.5, 288.5), (671.5, 257.5), (90.5, 416.5)]"
205,"[(461.5, 288.5), (673.5, 258.5)]"
206,"[(677.0, 258.0)]"
207,"[(733.0, 200.0)]"
208,"[(726.5, 198.5)]"
209,"[(727.5, 198.5)]"
210,"[(718.0, 197.0)]"
211,"[(717.5, 197.5)]"
212,"[(717.0, 199.0)]"
213,"[(716.5, 199.5)]"
214,"[(715.0, 201.0)]"
223,"[(102.0, 437.0)]"
224,"[(102.0, 436.0)]"
225,"[(100.0, 435.0)]"
226,"[(101.0, 434.0)]"
227,"[(102.0, 434.0), (307.0, 371.0)]"
228,"[(310.0, 372.0), (106.0, 435.0)]"
229,"[(311.0, 373.0), (109.0, 437.0)]"
230,"[(311.5, 370.5), (113.0, 440.0)]"
231,"[(316.0, 370.0), (113.5, 443.5)]"
232,"[(316.5, 372.5), (119.5, 451.5)]"
233,"[(317.0, 370.0)]"
234,"[(463.0, 304.0), (323.5, 369.5)]"
235,"[(463.5, 302.5)]"
236,"[(464.5, 302.5)]"
237,"[(467.5, 301.5)]"
238,"[(469.0, 303.0), (673.0, 276.0)]"
239,"[(470.5, 302.5), (672.0, 276.0)]"
240,"[(473.5, 303.5), (676.5, 275.5)]"
241,"[(473.0, 304.0), (683.0, 274.0)]"
242,"[(695.5, 273.5), (729.5, 214.5)]"
243,"[(706.5, 272.5), (733.5, 211.5)]"
244,"[(715.5, 270.5), (741.0, 215.0)]"
245,"[(749.5, 212.5)]"
246,"[(760.5, 214.5)]"
247,"[(764.5, 212.5)]"
248,"[(768.5, 213.5)]"
249,"[(772.0, 213.0), (227.5, 472.5)]"
250,"[(236.0, 471.0), (780.0, 215.0)]"
251,"[(242.0, 469.0)]"
252,"[(256.0, 466.0)]"
253,"[(268.0, 465.0)]"
254,"[(276.5, 464.5)]"
255,"[(284.5, 465.5)]"
256,"[(291.5, 465.5)]"
257,"[(299.0, 470.0)]"
258,"[(306.5, 479.5), (482.0, 394.0)]"
259,"[(486.5, 394.5)]"
260,"[(492.5, 395.5)]"
261,"[(495.0, 397.0)]"
262,"[(505.0, 399.0)]"
263,"[(522.0, 401.0)]"
270,"[(665.5, 327.5)]"
271,"[(664.5, 327.5)]"
272,"[(666.5, 327.5)]"
273,"[(667.5, 327.5)]"
274,"[(671.5, 325.5)]"
275,"[(677.5, 323.5)]"
276,"[(680.0, 324.0)]"
277,"[(926.0, 226.0), (682.0, 325.0), (423.0, 507.0), (901.0, 304.0)]"
278,"[(923.0, 228.0), (421.5, 500.5), (909.5, 303.5), (679.0, 325.0)]"
279,"[(921.5, 228.5), (423.0, 501.0), (909.5, 304.5)]"
280,"[(428.5, 499.5), (924.0, 227.0), (912.0, 305.0)]"
281,"[(433.5, 499.5), (923.5, 228.5), (916.5, 304.5)]"
282,"[(438.0, 501.0), (922.0, 228.0), (918.0, 301.0)]"
283,"[(919.0, 299.0), (447.0, 506.0), (921.0, 227.0)]"
284,"[(451.5, 508.5), (926.5, 228.5)]"
285,"[(923.5, 228.5)]"
289,"[(613.5, 428.5)]"
290,"[(615.5, 424.5)]"
291,"[(614.0, 425.0)]"
292,"[(611.0, 426.0)]"
293,"[(612.0, 428.0)]"
304,"[(465.5, 548.5)]"
305,"[(465.0, 544.0)]"
306,"[(466.5, 542.5), (671.0, 349.0)]"
307,"[(667.5, 348.5), (467.0, 540.0)]"
308,"[(665.0, 349.0), (467.5, 541.5)]"
309,"[(660.0, 347.0), (470.5, 541.5)]"
310,"[(655.5, 345.5), (471.5, 547.5)]"
311,"[(656.5, 343.5), (471.5, 550.5)]"
312,"[(658.5, 339.5), (472.0, 552.0)]"
313,"[(661.5, 336.5)]"
314,"[(856.5, 221.5), (653.5, 332.5)]"
315,"[(856.5, 216.5), (867.0, 301.0), (651.0, 330.0)]"
316,"[(856.0, 214.0), (868.5, 291.5)]"
317,"[(866.5, 286.5), (845.0, 212.0)]"
318,"[(861.0, 284.0)]"
320,"[(864.5, 274.5)]"
321,"[(569.5, 416.5)]"
322,"[(567.0, 413.0)]"
323,"[(571.0, 411.0)]"
324,"[(569.5, 409.5)]"
325,"[(570.5, 412.5)]"
326,"[(572.0, 412.0)]"
333,"[(474.5, 528.5)]"
334,"[(474.0, 527.0)]"
335,"[(473.0, 524.0)]"
336,"[(476.0, 522.0)]"
337,"[(480.0, 522.0)]"
338,"[(487.0, 522.0)]"
339,"[(496.5, 524.5)]"
343,"[(607.5, 299.5)]"
344,"[(608.0, 300.0)]"
345,"[(609.0, 298.0)]"
346,"[(606.0, 299.0), (798.5, 183.5)]"
347,"[(611.5, 297.5), (800.0, 183.0)]"
348,"[(796.5, 182.5), (611.5, 296.5)]"
349,"[(790.5, 179.5)]"
350,"[(791.5, 176.5)]"
351,"[(789.5, 174.5)]"
352,"[(784.5, 173.5), (594.0, 410.0)]"
353,"[(597.0, 409.0), (844.0, 261.0), (782.5, 173.5)]"
354,"[(598.0, 410.0), (845.5, 260.5)]"
355,"[(847.0, 261.0), (596.5, 417.5)]"
356,"[(847.5, 258.5)]"
357,"[(853.5, 255.5)]"
358,"[(854.0, 257.0)]"
359,"[(858.5, 257.5)]"
362,"[(575.5, 556.5)]"
363,"[(576.5, 555.5)]"
364,"[(580.0, 553.0)]"
365,"[(585.0, 552.0)]"
366,"[(592.0, 552.0)]"
367,"[(596.0, 558.0)]"
368,"[(603.5, 567.5)]"
379,"[(626.0, 304.0)]"
380,"[(624.5, 304.5)]"
381,"[(623.5, 302.5)]"
382,"[(623.0, 303.0), (777.5, 175.5)]"
383,"[(778.0, 174.0), (626.0, 297.0), (652.0, 423.0)]"
384,"[(624.5, 297.5), (777.0, 173.0), (650.0, 419.0)]"
385,"[(625.0, 299.0), (776.5, 171.5), (650.5, 417.5)]"
386,"[(623.0, 301.0), (775.0, 171.0), (652.5, 422.5)]"
387,"[(655.5, 430.5), (625.5, 304.5), (770.5, 169.5)]"
388,"[(766.5, 167.5), (661.0, 584.0)]"
389,"[(660.0, 583.0), (764.5, 166.5), (864.0, 260.0)]"
390,"[(663.0, 582.0), (866.5, 256.5)]"
391,"[(664.5, 577.5), (866.0, 255.0)]"
392,"[(666.0, 580.0), (867.5, 253.5)]"
393,"[(673.0, 577.0), (866.5, 253.5)]"
394,"[(681.5, 583.5), (866.5, 253.5)]"
395,"[(870.5, 253.5), (690.5, 590.5)]"
396,"[(872.0, 253.0), (694.5, 592.5)]"
397,"[(874.0, 252.0), (706.0, 595.0)]"
398,"[(868.5, 253.5)]"
413,"[(621.5, 321.5), (706.5, 444.5)]"
414,"[(701.0, 443.0), (620.5, 318.5), (745.5, 178.5)]"
415,"[(698.5, 442.5), (621.5, 313.5), (761.0, 609.0), (743.0, 175.0)]"
416,"[(703.0, 440.0), (622.0, 311.0), (761.5, 605.5), (741.5, 167.5)]"
417,"[(765.0, 603.0), (702.5, 436.5), (622.0, 307.0), (734.5, 167.5)]"
418,"[(734.5, 165.5), (708.5, 438.5), (765.5, 598.5), (621.5, 306.5)]"
419,"[(732.5, 164.5), (713.5, 439.5), (623.0, 306.0), (770.0, 597.0)]"
420,"[(717.5, 441.5), (729.0, 163.0), (623.0, 304.0), (773.0, 595.0)]"
421,"[(624.0, 305.0), (728.5, 163.5), (721.0, 443.0), (780.5, 592.5)]"
422,"[(726.0, 166.0), (784.0, 599.0), (625.5, 307.5)]"
423,"[(726.5, 165.5), (625.0, 309.0), (791.5, 604.5)]"
424,"[(625.0, 313.0), (727.5, 165.5), (801.0, 609.0)]"
425,"[(725.5, 166.5)]"
426,"[(864.5, 259.5)]"
427,"[(865.0, 259.0)]"
428,"[(863.0, 258.0)]"
429,"[(865.5, 255.5)]"
430,"[(863.0, 254.0)]"
431,"[(864.0, 253.0)]"
432,"[(862.5, 250.5)]"
433,"[(862.0, 250.0)]"
434,"[(864.5, 251.5)]"
443,"[(879.0, 623.0)]"
444,"[(892.0, 620.0)]"
445,"[(894.5, 614.5)]"
446,"[(894.0, 612.0)]"
447,"[(898.5, 605.5), (772.5, 452.5)]"
448,"[(905.5, 601.5), (771.0, 448.0), (722.0, 175.0)]"
449,"[(908.5, 602.5), (724.0, 174.0), (774.5, 447.5), (634.0, 328.0)]"
450,"[(633.5, 325.5), (915.0, 608.0), (720.5, 171.5), (775.5, 450.5)]"
451,"[(633.5, 322.5), (714.5, 167.5), (924.5, 612.5), (777.0, 453.0)]"
452,"[(630.5, 317.5), (711.5, 167.5), (771.5, 453.5), (928.0, 618.0)]"
453,"[(709.0, 166.0), (629.0, 312.0), (770.5, 454.5), (925.0, 619.0)]"
454,"[(703.0, 165.0), (627.0, 308.0)]"
455,"[(701.5, 162.5), (629.5, 306.5)]"
456,"[(696.5, 161.5), (630.0, 307.0)]"
457,"[(695.5, 161.5), (629.0, 307.0)]"
458,"[(693.0, 164.0), (626.0, 306.0)]"
462,"[(859.5, 243.5)]"
463,"[(857.5, 242.5)]"
464,"[(856.5, 243.5)]"
465,"[(854.5, 243.5)]"
466,"[(853.0, 242.0)]"
467,"[(847.0, 241.0)]"
468,"[(847.5, 239.5)]"
469,"[(848.0, 239.0)]"
470,"[(853.0, 239.0), (969.5, 628.5)]"
471,"[(972.0, 624.0)]"
473,"[(977.0, 606.0)]"
474,"[(981.5, 602.5)]"
475,"[(986.5, 601.5)]"
476,"[(991.0, 603.0)]"
477,"[(996.5, 599.5), (798.5, 442.5)]"
478,"[(800.5, 440.5), (1005.0, 602.0)]"
479,"[(801.5, 436.5), (1019.0, 606.0)]"
480,"[(799.0, 433.0), (1024.0, 609.0)]"
481,"[(801.5, 432.5), (1021.5, 608.5)]"
482,"[(800.5, 429.5), (1017.5, 612.5)]"
483,"[(801.5, 430.5)]"
484,"[(808.5, 433.5)]"
485,"[(644.0, 158.0)]"
486,"[(635.0, 157.0), (605.0, 316.0)]"
487,"[(631.0, 156.0), (603.0, 314.0)]"
488,"[(625.0, 153.0), (598.0, 306.0)]"
489,"[(620.5, 149.5), (586.5, 301.5)]"
490,"[(582.0, 296.0), (616.5, 142.5)]"
491,"[(580.5, 291.5), (613.5, 138.5)]"
492,"[(579.5, 282.5), (614.0, 134.0)]"
493,"[(580.5, 278.5), (605.0, 130.0)]"
494,"[(580.0, 277.0), (597.5, 126.5)]"
495,"[(578.5, 275.5)]"
497,"[(801.0, 192.0)]"
498,"[(795.5, 188.5), (1025.0, 554.0)]"
499,"[(1026.5, 547.5), (789.0, 186.0)]"
500,"[(784.0, 184.0), (1026.5, 544.5)]"
501,"[(781.5, 181.5), (1025.0, 537.0)]"
502,"[(782.0, 177.0), (1022.0, 529.0)]"
503,"[(1025.0, 526.0), (782.0, 172.0)]"
504,"[(1025.5, 523.5), (782.5, 171.5)]"
505,"[(1030.0, 521.0), (781.5, 171.5)]"
506,"[(780.0, 174.0), (1038.5, 526.5)]"
507,"[(778.5, 175.5), (1051.0, 533.0)]"
508,"[(1053.5, 536.5)]"
511,"[(807.0, 385.0)]"
512,"[(805.5, 386.5)]"
513,"[(801.0, 385.0)]"
514,"[(794.5, 385.5)]"
515,"[(793.0, 388.0)]"
516,"[(795.0, 391.0)]"
517,"[(795.5, 397.5)]"
518,"[(529.0, 135.0), (794.0, 403.0)]"
519,"[(523.0, 137.0)]"
520,"[(521.0, 140.0)]"
521,"[(515.5, 140.5)]"
522,"[(510.5, 142.5), (525.0, 305.0)]"
523,"[(525.0, 305.0), (504.5, 146.5)]"
524,"[(521.0, 302.0), (502.5, 147.5), (1077.0, 580.0)]"
525,"[(518.0, 301.0), (499.0, 150.0), (1077.0, 577.0)]"
526,"[(518.5, 301.5), (504.0, 151.0), (1078.5, 574.5)]"
527,"[(518.0, 301.0), (1075.0, 572.0), (498.0, 152.0)]"
528,"[(512.5, 298.5), (1073.5, 567.5)]"
529,"[(515.5, 298.5), (1075.0, 566.0)]"
530,"[(513.0, 300.0), (1076.5, 558.5)]"
531,"[(518.0, 300.0), (1085.5, 561.5)]"
532,"[(1092.0, 563.0), (515.0, 302.0)]"
533,"[(1095.0, 565.0)]"
534,"[(1096.5, 568.5)]"
535,"[(1100.5, 570.5)]"
536,"[(720.5, 226.5)]"
537,"[(724.0, 224.0)]"
538,"[(725.5, 223.5)]"
539,"[(727.5, 221.5)]"
540,"[(727.0, 221.0)]"
541,"[(729.5, 220.5)]"
542,"[(724.5, 222.5)]"
543,"[(803.5, 429.5)]"
544,"[(796.0, 425.0)]"
545,"[(795.0, 421.0)]"
546,"[(790.5, 414.5)]"
547,"[(788.5, 410.5)]"
548,"[(790.5, 408.5)]"
549,"[(797.0, 407.0)]"
550,"[(800.5, 406.5), (461.5, 156.5)]"
551,"[(1142.0, 570.0), (453.5, 150.5)]"
552,"[(456.0, 152.0), (1142.5, 564.5)]"
553,"[(451.0, 150.0), (1139.5, 557.5)]"
554,"[(449.0, 149.0), (1138.0, 553.0)]"
555,"[(444.0, 147.0), (1137.0, 547.0)]"
556,"[(439.5, 146.5), (1135.0, 542.0), (507.5, 310.5)]"
557,"[(440.0, 147.0), (1134.5, 544.5), (503.5, 305.5)]"
558,"[(436.0, 147.0), (504.0, 305.0), (1136.0, 545.0)]"
559,"[(498.5, 302.5), (435.0, 149.0), (1142.5, 546.5)]"
560,"[(432.0, 151.0), (489.5, 302.5), (1150.0, 550.0)]"
561,"[(487.0, 302.0), (1157.0, 551.0), (425.0, 153.0)]"
562,"[(483.0, 303.0), (1151.5, 551.5)]"
563,"[(479.5, 300.5), (1153.0, 553.0)]"
564,"[(481.0, 302.0)]"
565,"[(477.0, 302.0)]"
566,"[(475.0, 305.0)]"
567,"[(471.5, 307.5)]"
568,"[(470.5, 310.5)]"
569,"[(459.5, 316.5), (671.5, 233.5)]"
570,"[(668.5, 233.5)]"
571,"[(662.5, 236.5)]"
572,"[(654.0, 240.0)]"
573,"[(652.0, 241.0)]"
574,"[(648.0, 243.0)]"
575,"[(644.5, 242.5)]"
576,"[(642.5, 242.5)]"
577,"[(636.5, 244.5)]"
578,"[(1114.0, 543.0), (765.0, 416.0)]"
579,"[(759.0, 411.0), (1118.5, 539.5)]"
580,"[(760.5, 408.5), (1117.0, 536.0)]"
581,"[(758.0, 408.0), (1115.0, 531.0)]"
582,"[(756.5, 407.5), (1112.5, 529.5)]"
583,"[(756.5, 407.5), (1111.0, 528.0)]"
584,"[(755.0, 407.0), (1109.0, 527.0)]"
585,"[(757.0, 410.0), (1109.0, 527.0), (364.0, 191.0)]"
586,"[(366.0, 190.0), (1109.0, 526.0)]"
587,"[(361.0, 191.0), (1115.5, 525.5)]"
588,"[(360.0, 191.0), (1117.5, 528.5)]"
589,"[(351.0, 191.0), (1116.0, 532.0)]"
590,"[(347.5, 191.5)]"
591,"[(341.0, 191.0)]"
592,"[(346.5, 191.5)]"
593,"[(341.5, 190.5)]"
594,"[(339.5, 189.5), (431.5, 332.5)]"
595,"[(428.0, 331.0), (337.0, 193.0)]"
596,"[(427.5, 330.5)]"
597,"[(428.0, 328.0)]"
598,"[(425.0, 328.0)]"
599,"[(423.5, 330.5)]"
600,"[(426.0, 329.0)]"
601,"[(427.0, 328.0)]"
602,"[(428.5, 326.5)]"
603,"[(429.0, 328.0)]"
604,"[(430.5, 329.5)]"
607,"[(619.0, 250.0), (1147.0, 523.0)]"
608,"[(619.5, 251.5), (1142.5, 520.5)]"
609,"[(619.5, 250.5), (1143.0, 518.0)]"
610,"[(621.0, 250.0), (1143.0, 515.0)]"
611,"[(623.5, 249.5), (1139.5, 512.5)]"
612,"[(622.5, 247.5), (1140.5, 510.5)]"
613,"[(1143.0, 510.0), (627.0, 248.0)]"
614,"[(1148.0, 511.0), (626.5, 248.5), (774.0, 415.0)]"
615,"[(1148.0, 515.0), (771.5, 415.5)]"
616,"[(1153.0, 517.0), (775.0, 413.0)]"
617,"[(1157.5, 521.5), (775.5, 409.5)]"
618,"[(1158.5, 522.5), (337.5, 212.5), (778.5, 410.5)]"
619,"[(329.5, 206.5)]"
620,"[(327.5, 207.5)]"
621,"[(323.5, 209.5)]"
622,"[(321.5, 212.5)]"
623,"[(320.5, 211.5)]"
624,"[(319.0, 211.0)]"
625,"[(321.5, 210.5)]"
626,"[(323.5, 209.5)]"
627,"[(321.5, 210.5)]"
628,"[(321.5, 211.5)]"
631,"[(437.5, 343.5)]"
632,"[(435.0, 343.0)]"
633,"[(435.0, 339.0)]"
634,"[(1174.5, 521.5), (435.5, 333.5)]"
635,"[(435.5, 333.5), (1177.5, 515.5)]"
636,"[(1177.5, 510.5), (436.5, 331.5)]"
637,"[(1175.0, 509.0), (437.5, 333.5)]"
638,"[(1175.0, 506.0), (447.0, 337.0)]"
639,"[(449.0, 339.0), (1174.5, 500.5)]"
640,"[(452.5, 341.5), (1175.5, 498.5)]"
641,"[(1176.5, 494.5), (454.5, 341.5)]"
642,"[(1185.0, 495.0)]"
643,"[(1186.5, 492.5), (623.0, 258.0)]"
644,"[(1188.5, 491.5), (620.5, 257.5)]"
645,"[(621.5, 257.5), (1188.0, 493.0)]"
646,"[(621.0, 256.0), (1189.0, 496.0)]"
647,"[(624.0, 255.0)]"
648,"[(624.0, 255.0)]"
649,"[(622.5, 256.5), (812.5, 413.5)]"
650,"[(812.0, 413.0), (624.5, 256.5)]"
651,"[(816.0, 410.0)]"
652,"[(812.5, 408.5)]"
653,"[(813.0, 406.0)]"
654,"[(819.5, 406.5)]"
655,"[(823.0, 405.0)]"
656,"[(824.0, 407.0)]"
657,"[(823.5, 408.5)]"
660,"[(313.5, 216.5)]"
663,"[(1207.0, 491.0)]"
664,"[(1206.0, 491.0), (478.0, 339.0)]"
665,"[(1202.0, 487.0), (469.5, 341.5)]"
666,"[(471.0, 341.0), (1196.5, 480.5)]"
667,"[(475.0, 339.0), (1192.0, 475.0)]"
668,"[(481.0, 338.0), (1184.0, 471.0)]"
669,"[(483.0, 339.0), (1174.5, 467.5)]"
670,"[(485.0, 341.0), (1174.5, 467.5)]"
671,"[(486.0, 340.0), (1177.0, 468.0)]"
672,"[(484.5, 340.5), (1176.5, 466.5)]"
673,"[(484.5, 338.5), (1177.0, 466.0)]"
674,"[(485.0, 339.0), (1178.0, 464.0)]"
675,"[(484.0, 340.0), (1174.0, 464.0)]"
676,"[(485.5, 342.5), (1165.5, 465.5)]"
677,"[(483.5, 345.5)]"
678,"[(480.0, 349.0)]"
679,"[(632.5, 272.5)]"
680,"[(630.0, 267.0)]"
681,"[(631.0, 270.0)]"
682,"[(630.5, 269.5)]"
683,"[(627.5, 269.5)]"
684,"[(625.5, 269.5), (825.5, 401.5)]"
685,"[(626.5, 269.5), (825.0, 397.0)]"
686,"[(624.5, 268.5), (825.5, 392.5), (349.0, 238.0)]"
687,"[(624.5, 268.5), (826.0, 390.0), (346.5, 238.5)]"
688,"[(828.0, 389.0), (624.5, 270.5), (347.0, 236.0)]"
689,"[(826.0, 388.0), (340.0, 233.0), (624.0, 269.0)]"
690,"[(340.0, 234.0), (827.0, 389.0), (624.5, 269.5)]"
691,"[(342.0, 234.0), (824.5, 388.5)]"
692,"[(340.0, 235.0)]"
693,"[(340.5, 233.5), (1189.5, 461.5)]"
694,"[(339.5, 232.5), (1184.5, 456.5)]"
695,"[(1177.0, 452.0)]"
696,"[(1177.5, 445.5)]"
697,"[(1177.5, 443.5)]"
698,"[(1177.5, 439.5)]"
699,"[(1178.5, 439.5)]"
700,"[(1183.0, 439.0)]"
701,"[(1187.0, 439.0)]"
702,"[(1188.5, 438.5)]"
703,"[(1188.5, 438.5), (484.0, 344.0)]"
704,"[(1188.0, 442.0), (485.5, 344.5)]"
705,"[(484.0, 344.0)]"
706,"[(486.5, 343.5)]"
707,"[(485.5, 340.5)]"
708,"[(479.5, 340.5)]"
709,"[(479.0, 340.0)]"
710,"[(481.0, 340.0)]"
711,"[(481.5, 338.5)]"
712,"[(478.0, 338.0)]"
713,"[(481.0, 339.0)]"
714,"[(482.5, 341.5)]"
716,"[(626.5, 262.5)]"
717,"[(626.5, 258.5)]"
718,"[(623.5, 258.5), (336.0, 234.0)]"
719,"[(620.5, 258.5), (332.5, 232.5)]"
720,"[(619.5, 255.5), (330.0, 233.0)]"
721,"[(329.5, 232.5), (617.0, 254.0)]"
722,"[(616.0, 255.0), (326.5, 233.5), (823.0, 376.0)]"
723,"[(323.0, 235.0), (615.0, 255.0), (822.5, 372.5), (1169.0, 427.0)]"
724,"[(319.0, 236.0), (823.5, 371.5), (612.5, 257.5), (1169.5, 424.5)]"
725,"[(318.5, 234.5), (821.5, 370.5), (1164.5, 417.5), (611.0, 259.0)]"
726,"[(1163.5, 416.5), (316.0, 233.0), (822.0, 368.0), (604.5, 258.5)]"
727,"[(1161.0, 414.0), (313.0, 234.0), (821.0, 371.0), (599.5, 257.5)]"
728,"[(1158.0, 412.0)]"
729,"[(1155.0, 409.0)]"
730,"[(1148.0, 408.0)]"
731,"[(1147.0, 406.0)]"
732,"[(1147.0, 405.0)]"
733,"[(1146.0, 406.0)]"
734,"[(1143.5, 405.5)]"
739,"[(424.5, 339.5)]"
740,"[(415.0, 339.0)]"
741,"[(409.5, 333.5)]"
742,"[(399.5, 331.5)]"
743,"[(382.5, 331.5)]"
744,"[(371.0, 332.0)]"
745,"[(356.0, 331.0)]"
746,"[(340.5, 330.5)]"
747,"[(338.0, 329.0)]"
748,"[(331.5, 328.5)]"
749,"[(327.5, 329.5)]"
750,"[(324.0, 329.0), (150.0, 240.0)]"
751,"[(318.0, 329.0), (144.0, 238.0)]"
752,"[(139.0, 242.0), (1001.5, 381.5)]"
753,"[(139.5, 241.5), (999.5, 379.5), (436.0, 247.0)]"
754,"[(997.0, 377.0), (438.5, 248.5), (136.5, 243.5)]"
755,"[(997.0, 374.0), (440.5, 247.5), (135.5, 243.5)]"
756,"[(997.5, 368.5), (439.0, 248.0), (133.0, 242.0)]"
757,"[(439.5, 247.5), (996.5, 364.5), (668.0, 349.0), (136.5, 234.5)]"
758,"[(670.0, 346.0), (995.5, 361.5), (440.5, 246.5), (138.5, 233.5)]"
759,"[(996.5, 359.5), (672.5, 342.5), (443.5, 246.5), (138.0, 233.0)]"
760,"[(998.5, 358.5), (673.5, 341.5), (444.0, 247.0)]"
761,"[(1000.5, 358.5), (674.5, 338.5), (445.0, 248.0)]"
762,"[(1001.0, 359.0), (673.5, 337.5), (448.5, 247.5)]"
763,"[(1004.0, 360.0), (449.0, 248.0), (675.0, 337.0)]"
764,"[(1001.5, 364.5), (681.0, 337.0)]"
765,"[(1000.5, 366.5)]"
774,"[(385.5, 321.5)]"
775,"[(386.0, 320.0)]"
776,"[(386.0, 323.0)]"
777,"[(388.5, 316.5)]"
778,"[(390.0, 314.0)]"
779,"[(389.5, 315.5)]"
780,"[(392.0, 313.0)]"
781,"[(395.0, 312.0), (1067.5, 355.5)]"
782,"[(395.0, 312.0), (1065.5, 354.5), (218.5, 232.5)]"
783,"[(396.0, 311.0), (1067.0, 350.0), (225.0, 236.0)]"
784,"[(401.5, 309.5), (1068.0, 350.0), (227.5, 233.5)]"
785,"[(231.5, 232.5), (1069.0, 348.0), (404.5, 310.5)]"
786,"[(1069.0, 346.0), (231.0, 231.0), (409.5, 310.5)]"
787,"[(1067.0, 344.0), (230.0, 231.0), (411.0, 311.0)]"
788,"[(1070.5, 341.5), (232.5, 229.5), (408.0, 314.0)]"
789,"[(1072.5, 339.5), (235.0, 229.0), (521.0, 233.0)]"
790,"[(1072.5, 338.5), (522.0, 233.0), (234.5, 222.5)]"
791,"[(1074.5, 338.5), (233.5, 222.5), (520.5, 234.5)]"
792,"[(1075.0, 340.0), (523.0, 233.0), (236.5, 222.5)]"
793,"[(1070.0, 340.0), (521.5, 230.5)]"
794,"[(1064.0, 343.0), (523.5, 230.5)]"
795,"[(757.5, 316.5), (524.0, 229.0)]"
796,"[(757.0, 315.0), (529.0, 229.0)]"
797,"[(525.5, 227.5), (757.0, 313.0)]"
798,"[(532.0, 228.0), (759.5, 311.5)]"
799,"[(525.5, 227.5), (765.5, 310.5)]"
800,"[(766.5, 310.5), (531.0, 226.0)]"
801,"[(771.5, 311.5)]"
812,"[(1100.5, 335.5)]"
813,"[(459.5, 298.5), (283.5, 216.5), (1104.0, 333.0)]"
814,"[(460.5, 298.5), (286.0, 218.0), (1104.0, 330.0)]"
815,"[(464.5, 300.5), (288.0, 218.0), (1106.0, 328.0)]"
816,"[(469.0, 299.0), (289.0, 219.0), (1108.5, 328.5)]"
817,"[(473.0, 299.0), (290.5, 217.5), (1108.5, 327.5)]"
818,"[(474.0, 300.0), (292.5, 220.5), (1111.5, 328.5)]"
819,"[(474.0, 304.0), (1109.5, 330.5), (297.0, 223.0)]"
820,"[(476.0, 304.0), (1114.0, 333.0), (296.5, 225.5)]"
821,"[(477.0, 305.0), (299.5, 224.5), (1116.5, 335.5)]"
822,"[(480.0, 305.0), (303.5, 224.5), (1119.0, 336.0)]"
823,"[(302.0, 225.0), (479.0, 306.0), (1118.5, 339.5)]"
824,"[(304.0, 226.0), (477.5, 308.5), (1118.0, 344.0)]"
825,"[(585.5, 245.5), (1117.5, 345.5), (480.5, 311.5), (307.5, 227.5)]"
826,"[(587.5, 244.5)]"
827,"[(588.5, 243.5)]"
828,"[(592.0, 241.0)]"
829,"[(592.5, 239.5), (833.0, 330.0)]"
830,"[(593.0, 240.0), (833.5, 328.5)]"
831,"[(597.0, 240.0), (833.5, 326.5)]"
832,"[(599.0, 241.0), (833.0, 324.0)]"
833,"[(598.0, 242.0), (833.5, 324.5)]"
834,"[(834.5, 324.5), (599.0, 242.0)]"
835,"[(834.5, 324.5), (599.0, 242.0)]"
836,"[(600.0, 244.0), (834.5, 324.5)]"
837,"[(834.0, 328.0)]"
842,"[(1135.0, 356.0)]"
843,"[(1134.5, 353.5)]"
844,"[(1134.5, 352.5)]"
845,"[(1140.0, 349.0)]"
846,"[(1141.0, 347.0)]"
847,"[(1141.0, 346.0)]"
848,"[(1142.0, 347.0)]"
849,"[(1140.5, 345.5), (346.0, 247.0), (521.5, 323.5)]"
850,"[(1144.0, 345.0), (522.5, 324.5), (348.0, 249.0)]"
851,"[(1149.0, 345.0), (347.5, 248.5), (525.5, 322.5)]"
852,"[(350.5, 248.5), (529.0, 325.0), (1149.5, 346.5)]"
853,"[(530.0, 324.0), (353.0, 247.0), (1150.0, 352.0)]"
854,"[(535.0, 323.0), (357.0, 247.0)]"
855,"[(365.0, 247.0), (538.5, 323.5), (1164.0, 357.0)]"
856,"[(544.5, 323.5), (369.0, 247.0)]"
857,"[(374.5, 248.5), (550.5, 322.5)]"
858,"[(385.5, 247.5), (559.0, 322.0)]"
859,"[(389.5, 247.5), (568.0, 325.0)]"
860,"[(572.5, 326.5)]"
861,"[(671.0, 260.0)]"
862,"[(674.0, 261.0)]"
863,"[(677.5, 260.5)]"
864,"[(682.0, 260.0)]"
865,"[(684.5, 258.5)]"
866,"[(685.0, 257.0)]"
867,"[(687.0, 257.0)]"
868,"[(927.0, 332.0), (686.5, 256.5)]"
869,"[(928.0, 332.0), (690.5, 255.5)]"
870,"[(926.5, 330.5), (693.5, 256.5)]"
871,"[(926.0, 332.0)]"
872,"[(928.0, 332.0), (1208.5, 356.5)]"
873,"[(929.0, 331.0), (1208.5, 354.5)]"
874,"[(927.5, 331.5), (1208.0, 353.0)]"
875,"[(1208.0, 351.0), (926.5, 331.5)]"
876,"[(1203.0, 349.0)]"
877,"[(1201.5, 347.5)]"
878,"[(1196.0, 347.0)]"
879,"[(1196.0, 348.0)]"
880,"[(1194.0, 347.0)]"
881,"[(1196.0, 347.0)]"
882,"[(1193.0, 348.0), (424.0, 253.0)]"
883,"[(422.5, 252.5), (1192.5, 348.5)]"
884,"[(1192.0, 349.0), (422.0, 254.0)]"
885,"[(1191.0, 352.0), (602.0, 326.0)]"
886,"[(600.5, 325.5), (419.5, 252.5)]"
887,"[(599.5, 323.5), (419.5, 253.5)]"
888,"[(599.0, 323.0)]"
889,"[(598.0, 323.0)]"
890,"[(598.5, 322.5), (422.0, 249.0)]"
891,"[(599.0, 321.0)]"
892,"[(600.5, 320.5)]"
893,"[(599.0, 319.0)]"
894,"[(600.0, 318.0)]"
895,"[(601.0, 318.0)]"
896,"[(601.0, 319.0)]"
897,"[(694.5, 259.5)]"
898,"[(691.5, 259.5)]"
899,"[(690.0, 257.0), (1186.0, 343.0)]"
900,"[(688.0, 255.0), (1199.5, 343.5)]"
901,"[(691.5, 249.5), (1213.5, 339.5)]"
902,"[(689.5, 247.5)]"
903,"[(688.0, 247.0), (1227.0, 335.0)]"
904,"[(687.0, 246.0), (1225.0, 334.0)]"
905,"[(687.0, 244.0), (1223.0, 332.0), (957.5, 316.5)]"
906,"[(686.5, 243.5), (1220.5, 330.5), (954.5, 313.5)]"
907,"[(684.5, 242.5), (951.5, 311.5), (1218.0, 331.0)]"
908,"[(684.0, 243.0), (947.5, 310.5), (1212.0, 327.0)]"
909,"[(680.5, 243.5), (944.5, 308.5), (1209.0, 327.0)]"
910,"[(678.5, 245.5), (942.5, 309.5), (1208.0, 328.0)]"
911,"[(677.0, 246.0), (943.5, 309.5), (1208.0, 327.0)]"
912,"[(674.5, 245.5), (944.0, 309.0), (1203.5, 328.5)]"
913,"[(940.0, 311.0), (1202.5, 328.5), (672.5, 245.5)]"
914,"[(1200.0, 331.0), (941.5, 312.5)]"
915,"[(1199.5, 328.5)]"
916,"[(1195.0, 329.0)]"
919,"[(390.0, 239.0)]"
920,"[(389.0, 239.0)]"
921,"[(391.0, 238.0)]"
923,"[(592.0, 309.0)]"
924,"[(587.0, 308.0)]"
925,"[(588.5, 305.5)]"
926,"[(587.5, 305.5)]"
927,"[(587.0, 306.0)]"
928,"[(586.5, 305.5)]"
929,"[(587.5, 305.5)]"
930,"[(586.0, 305.0)]"
931,"[(585.5, 302.5)]"
932,"[(586.0, 305.0)]"
933,"[(587.0, 304.0)]"
934,"[(930.5, 303.5)]"
935,"[(930.0, 301.0)]"
936,"[(930.5, 299.5)]"
937,"[(929.0, 299.0)]"
938,"[(929.0, 298.0), (1121.5, 327.5)]"
939,"[(929.0, 297.0)]"
940,"[(922.5, 299.5)]"
941,"[(918.5, 300.5)]"
942,"[(918.0, 300.0)]"
943,"[(918.0, 301.0)]"
948,"[(1099.5, 328.5)]"
951,"[(403.5, 231.5)]"
952,"[(400.0, 229.0)]"
953,"[(397.5, 230.5)]"
954,"[(396.0, 230.0)]"
955,"[(399.5, 228.5)]"
956,"[(402.5, 227.5)]"
957,"[(406.5, 226.5)]"
958,"[(408.5, 225.5), (605.5, 295.5)]"
959,"[(411.5, 223.5)]"
960,"[(609.0, 290.0), (414.0, 222.0)]"
961,"[(610.0, 287.0)]"
962,"[(611.5, 285.5)]"
963,"[(617.5, 282.5)]"
964,"[(622.0, 281.0)]"
965,"[(633.0, 278.0)]"
966,"[(638.0, 273.0)]"
967,"[(648.0, 273.0)]"
968,"[(652.5, 270.5)]"
969,"[(658.5, 269.5)]"
970,"[(670.0, 268.0)]"
977,"[(1148.5, 299.5)]"
978,"[(1148.5, 300.5)]"
979,"[(1148.5, 298.5)]"
980,"[(1148.5, 298.5)]"
981,"[(1148.5, 297.5)]"
989,"[(745.5, 242.5)]"
993,"[(748.0, 241.0)]"
994,"[(747.5, 239.5)]"
995,"[(752.0, 239.0)]"
996,"[(755.0, 238.0)]"
997,"[(754.5, 237.5)]"
998,"[(756.0, 237.0)]"
999,"[(756.0, 234.0)]"
1000,"[(758.0, 232.0)]"
1001,"[(758.0, 233.0)]"
1002,"[(758.5, 233.5)]"
1003,"[(758.5, 231.5)]"
1005,"[(757.0, 233.0)]"
1049,"[(263.0, 258.0)]"
1050,"[(263.0, 260.0), (1137.0, 298.0)]"
1051,"[(258.5, 260.5), (1138.5, 298.5)]"
1052,"[(254.5, 262.5), (1138.0, 297.0)]"
1053,"[(255.0, 263.0)]"
1054,"[(255.0, 262.0), (1141.0, 297.0)]"
1055,"[(257.0, 261.0)]"
1056,"[(255.0, 262.0)]"
1060,"[(798.0, 395.0)]"
1061,"[(797.0, 392.0), (1167.0, 300.0)]"
1062,"[(797.0, 391.0)]"
1063,"[(803.0, 391.0)]"
1064,"[(802.0, 391.0)]"
1065,"[(803.0, 388.0)]"
1066,"[(802.0, 388.0), (1190.0, 301.0)]"
1067,"[(804.5, 387.5), (1194.0, 300.0)]"
1068,"[(804.5, 389.5)]"
1069,"[(805.0, 393.0)]"
1070,"[(801.5, 391.5)]"
1071,"[(802.5, 394.5), (1211.0, 302.0)]"
1072,"[(801.5, 394.5), (1216.5, 299.5)]"
1073,"[(1221.5, 301.5)]"
1076,"[(1237.0, 301.0), (1240.5, 384.5)]"
1077,"[(1240.5, 298.5), (1243.5, 383.5)]"
1078,"[(1245.0, 301.0)]"
1079,"[(1247.5, 300.5)]"
1082,"[(699.0, 342.0)]"
1083,"[(696.5, 340.5)]"
1084,"[(701.5, 339.5), (284.5, 282.5)]"
1085,"[(284.0, 285.0), (704.0, 339.0)]"
1086,"[(286.5, 283.5), (707.0, 339.0)]"
1087,"[(290.0, 284.0), (705.5, 340.5)]"
1088,"[(292.0, 283.0), (706.5, 344.5)]"
1089,"[(293.5, 281.5), (707.0, 346.0)]"
1090,"[(292.5, 282.5), (831.5, 419.5)]"
1091,"[(292.0, 282.0), (831.0, 416.0)]"
1092,"[(292.0, 283.0), (835.0, 416.0)]"
1093,"[(292.5, 283.5), (837.5, 414.5)]"
1094,"[(839.0, 414.0), (293.0, 285.0)]"
1095,"[(838.5, 414.5), (289.0, 285.0)]"
1096,"[(837.5, 415.5), (284.5, 285.5)]"
1097,"[(832.0, 417.0)]"
1098,"[(832.5, 423.5)]"
1099,"[(828.5, 430.5)]"
1112,"[(407.0, 231.0)]"
1113,"[(410.5, 229.5)]"
1114,"[(412.0, 227.0)]"
1115,"[(414.5, 227.5)]"
1116,"[(724.0, 371.0), (415.5, 227.5), (827.0, 453.0)]"
1117,"[(724.5, 371.5), (419.5, 226.5), (830.5, 444.5)]"
1118,"[(830.5, 444.5), (421.5, 227.5), (725.5, 371.5)]"
1119,"[(426.0, 227.0), (833.0, 444.0), (728.5, 369.5)]"
1120,"[(429.0, 229.0), (834.0, 443.0), (730.5, 369.5)]"
1121,"[(428.5, 228.5), (834.0, 443.0), (730.5, 370.5), (302.0, 303.0)]"
1122,"[(433.0, 229.0), (308.0, 302.0), (838.0, 444.0), (728.0, 370.0)]"
1123,"[(310.5, 301.5), (438.5, 229.5), (839.0, 447.0)]"
1124,"[(312.5, 298.5), (843.0, 453.0), (433.5, 230.5)]"
1125,"[(310.0, 299.0)]"
1126,"[(311.5, 297.5)]"
1127,"[(314.0, 297.0)]"
1128,"[(316.0, 297.0)]"
1129,"[(315.5, 297.5)]"
1130,"[(314.5, 300.5)]"
1131,"[(315.0, 301.0)]"
1143,"[(832.5, 482.5)]"
1144,"[(834.0, 476.0)]"
1145,"[(834.5, 473.5)]"
1146,"[(838.5, 472.5)]"
1147,"[(839.5, 472.5), (468.5, 239.5)]"
1148,"[(841.0, 473.0), (474.0, 236.0)]"
1149,"[(840.5, 472.5), (475.0, 235.0)]"
1150,"[(481.0, 235.0), (846.0, 478.0)]"
1151,"[(478.5, 235.5), (845.5, 483.5), (728.0, 395.0)]"
1152,"[(732.5, 395.5), (476.0, 236.0), (850.5, 290.5)]"
1153,"[(732.0, 394.0), (847.0, 290.0), (474.0, 236.0)]"
1154,"[(474.5, 239.5), (733.5, 392.5), (851.0, 289.0)]"
1155,"[(475.5, 241.5), (732.0, 394.0), (855.0, 288.0)]"
1156,"[(730.0, 396.0), (477.5, 244.5), (857.5, 288.5)]"
1157,"[(863.5, 289.5), (728.5, 400.5), (484.5, 242.5)]"
1158,"[(864.0, 290.0)]"
1159,"[(862.5, 289.5)]"
1160,"[(863.5, 291.5)]"
1161,"[(865.5, 294.5), (313.5, 315.5)]"
1162,"[(315.5, 315.5), (862.0, 296.0)]"
1163,"[(319.5, 319.5), (863.5, 295.5)]"
1164,"[(319.5, 319.5), (865.5, 296.5)]"
1165,"[(317.5, 318.5)]"
1166,"[(314.5, 319.5)]"
1167,"[(310.5, 320.5)]"
1168,"[(308.0, 319.0)]"
1169,"[(807.5, 506.5), (308.5, 321.5)]"
1170,"[(807.0, 501.0)]"
1171,"[(806.0, 500.0)]"
1172,"[(806.0, 499.0)]"
1173,"[(804.5, 496.5)]"
1174,"[(805.0, 496.0)]"
1175,"[(803.5, 496.5)]"
1176,"[(801.0, 497.0)]"
1177,"[(801.5, 497.5)]"
1178,"[(798.5, 498.5)]"
1179,"[(476.5, 248.5)]"
1180,"[(475.5, 258.5)]"
1181,"[(476.0, 248.0)]"
1182,"[(480.0, 250.0)]"
1183,"[(481.0, 250.0)]"
1184,"[(479.0, 250.0)]"
1185,"[(480.5, 253.5)]"
1186,"[(706.5, 424.5), (479.5, 255.5)]"
1187,"[(709.5, 428.5), (475.0, 259.0), (872.0, 317.0)]"
1188,"[(709.5, 426.5), (873.0, 316.0), (476.0, 256.0)]"
1189,"[(710.0, 426.0), (874.5, 316.5)]"
1190,"[(713.5, 429.5), (875.0, 316.0)]"
1191,"[(708.0, 431.0), (873.5, 314.5)]"
1192,"[(708.5, 431.5), (874.5, 313.5)]"
1193,"[(874.5, 314.5), (708.5, 431.5)]"
1194,"[(870.5, 317.5)]"
1195,"[(868.5, 320.5)]"
1196,"[(288.5, 345.5)]"
1197,"[(290.0, 348.0), (766.5, 534.5)]"
1198,"[(765.5, 528.5), (297.0, 344.0)]"
1199,"[(763.0, 526.0), (292.5, 342.5)]"
1200,"[(764.5, 524.5), (292.5, 342.5)]"
1201,"[(761.5, 523.5), (288.5, 340.5)]"
1202,"[(764.0, 524.0), (286.0, 339.0)]"
1203,"[(762.0, 526.0), (281.5, 339.5)]"
1204,"[(759.0, 529.0), (282.0, 341.0)]"
1205,"[(756.5, 531.5), (280.5, 345.5)]"
1206,"[(752.5, 537.5), (283.5, 345.5)]"
1207,"[(752.0, 542.0)]"
1212,"[(465.5, 269.5)]"
1213,"[(468.5, 271.5)]"
1214,"[(471.0, 272.0)]"
1215,"[(472.5, 272.5)]"
1216,"[(471.5, 269.5)]"
1217,"[(468.0, 269.0)]"
1218,"[(469.5, 269.5)]"
1219,"[(470.5, 266.5)]"
1220,"[(863.0, 328.0)]"
1221,"[(864.5, 329.5), (656.5, 460.5)]"
1222,"[(867.5, 329.5), (661.0, 460.0)]"
1223,"[(665.0, 459.0), (867.5, 329.5)]"
1224,"[(664.0, 459.0), (867.5, 331.5)]"
1225,"[(662.0, 458.0), (866.0, 331.0), (711.0, 572.0)]"
1226,"[(657.5, 458.5), (710.5, 565.5), (867.0, 331.0)]"
1227,"[(656.5, 459.5), (712.0, 562.0), (863.5, 331.5)]"
1228,"[(656.0, 459.0), (706.0, 559.0), (860.0, 338.0)]"
1229,"[(706.5, 556.5), (653.0, 462.0), (863.5, 339.5)]"
1230,"[(706.5, 555.5), (858.0, 341.0), (254.0, 354.0)]"
1231,"[(704.0, 556.0), (250.5, 355.5)]"
1232,"[(700.5, 561.5), (251.0, 351.0)]"
1233,"[(698.0, 565.0), (249.0, 354.0)]"
1234,"[(699.0, 567.0), (249.5, 354.5)]"
1235,"[(701.5, 571.5), (248.5, 354.5)]"
1236,"[(698.0, 571.0), (249.5, 353.5)]"
1237,"[(248.0, 355.0)]"
1238,"[(241.0, 354.0)]"
1239,"[(240.5, 356.5)]"
1240,"[(240.0, 354.0)]"
1241,"[(236.5, 356.5)]"
1244,"[(447.5, 277.5)]"
1245,"[(452.5, 277.5)]"
1246,"[(456.0, 277.0)]"
1247,"[(457.5, 276.5)]"
1248,"[(458.5, 274.5)]"
1249,"[(458.0, 274.0)]"
1250,"[(459.5, 274.5)]"
1251,"[(460.0, 274.0), (653.0, 600.0)]"
1252,"[(455.0, 271.0), (657.0, 599.0)]"
1253,"[(656.5, 593.5), (455.0, 271.0), (861.0, 356.0)]"
1254,"[(654.0, 589.0), (863.0, 357.0), (456.5, 273.5)]"
1255,"[(863.0, 356.0), (651.0, 586.0)]"
1256,"[(862.0, 354.0), (647.0, 584.0)]"
1257,"[(862.0, 354.0), (644.0, 582.0)]"
1258,"[(864.0, 353.0), (636.5, 578.5)]"
1259,"[(861.0, 355.0), (635.5, 579.5), (608.0, 478.0)]"
1260,"[(611.5, 477.5), (633.0, 580.0), (859.0, 357.0)]"
1261,"[(610.5, 476.5), (633.5, 583.5), (860.0, 357.0)]"
1262,"[(611.5, 476.5), (863.0, 360.0), (643.5, 589.5)]"
1263,"[(614.5, 475.5), (635.0, 592.0)]"
1264,"[(613.0, 478.0)]"
1265,"[(616.5, 480.5)]"
1266,"[(614.0, 482.0)]"
1270,"[(229.5, 359.5)]"
1271,"[(233.0, 357.0)]"
1272,"[(231.0, 357.0)]"
1273,"[(232.5, 355.5)]"
1274,"[(234.0, 355.0)]"
1275,"[(232.0, 353.0)]"
1276,"[(233.5, 356.5)]"
1277,"[(233.5, 355.5)]"
1278,"[(487.5, 273.5), (234.0, 356.0)]"
1279,"[(496.5, 274.5), (645.0, 625.0)]"
1280,"[(500.5, 274.5), (642.5, 624.5)]"
1281,"[(499.5, 273.5), (633.5, 613.5)]"
1282,"[(499.5, 272.5), (623.5, 606.5)]"
1283,"[(503.0, 272.0), (623.0, 602.0)]"
1284,"[(504.0, 272.0), (622.0, 600.0)]"
1285,"[(506.5, 273.5), (621.5, 599.5)]"
1286,"[(622.0, 597.0), (507.0, 275.0), (897.0, 376.0)]"
1287,"[(618.5, 595.5), (897.0, 373.0), (507.5, 273.5)]"
1288,"[(895.5, 371.5), (617.0, 598.0)]"
1289,"[(901.5, 370.5), (615.0, 601.0)]"
1290,"[(902.0, 366.0), (618.5, 605.5)]"
1291,"[(901.5, 365.5), (616.0, 608.0)]"
1292,"[(902.5, 363.5)]"
1293,"[(903.5, 364.5)]"
1294,"[(906.0, 367.0)]"
1295,"[(907.5, 374.5), (608.5, 494.5)]"
1296,"[(608.0, 494.0), (906.5, 374.5)]"
1297,"[(606.0, 495.0)]"
1298,"[(609.5, 495.5)]"
1299,"[(611.5, 494.5)]"
1300,"[(609.5, 494.5)]"
1301,"[(610.0, 495.0)]"
1302,"[(609.5, 496.5)]"
1303,"[(608.5, 496.5)]"
1306,"[(260.5, 355.5), (603.5, 632.5)]"
1307,"[(260.5, 354.5), (606.5, 630.5)]"
1308,"[(262.0, 353.0), (605.5, 627.5)]"
1309,"[(263.5, 351.5), (605.0, 622.0)]"
1310,"[(264.5, 349.5), (603.5, 616.5)]"
1311,"[(265.0, 350.0), (554.5, 269.5), (606.5, 614.5)]"
1312,"[(265.5, 350.5), (558.5, 269.5), (602.5, 611.5)]"
1313,"[(559.0, 270.0), (262.0, 351.0), (598.0, 611.0)]"
1314,"[(560.0, 271.0), (264.0, 352.0), (595.0, 606.0)]"
1315,"[(565.0, 269.0), (265.5, 352.5), (593.0, 605.0)]"
1316,"[(568.5, 266.5), (592.5, 605.5), (263.5, 352.5)]"
1317,"[(568.5, 267.5), (591.0, 606.0)]"
1318,"[(566.5, 267.5), (594.5, 607.5)]"
1319,"[(570.5, 266.5)]"
1320,"[(938.0, 372.0)]"
1321,"[(938.5, 369.5)]"
1322,"[(938.5, 364.5)]"
1323,"[(940.0, 363.0)]"
1324,"[(938.0, 363.0)]"
1325,"[(939.5, 362.5)]"
1326,"[(938.5, 361.5)]"
1327,"[(939.5, 361.5)]"
1328,"[(938.0, 360.0)]"
1329,"[(938.0, 361.0)]"
1333,"[(580.0, 493.0)]"
1334,"[(581.5, 492.5)]"
1335,"[(580.0, 493.0)]"
1336,"[(581.0, 489.0)]"
1337,"[(581.0, 488.0), (569.5, 630.5)]"
1338,"[(581.5, 485.5), (568.5, 622.5)]"
1339,"[(578.0, 486.0), (567.5, 616.5)]"
1340,"[(576.5, 485.5), (569.5, 613.5)]"
1341,"[(577.0, 490.0), (565.0, 610.0)]"
1342,"[(564.5, 608.5), (579.0, 490.0)]"
1343,"[(276.0, 331.0), (558.5, 604.5)]"
1344,"[(271.5, 329.5), (553.5, 601.5), (571.0, 258.0)]"
1345,"[(269.0, 328.0), (550.5, 600.5), (577.5, 254.5)]"
1346,"[(269.0, 328.0), (546.5, 601.5), (583.5, 250.5)]"
1347,"[(265.5, 326.5), (548.5, 602.5), (586.5, 249.5)]"
1348,"[(265.5, 326.5), (588.5, 249.5), (535.0, 607.0)]"
1349,"[(264.0, 326.0), (592.0, 247.0)]"
1350,"[(259.5, 324.5), (592.0, 248.0)]"
1351,"[(260.5, 326.5), (592.5, 247.5)]"
1352,"[(593.0, 248.0), (264.0, 326.0)]"
1353,"[(593.5, 248.5), (260.0, 325.0)]"
1354,"[(947.5, 362.5), (596.5, 248.5), (258.5, 325.5)]"
1355,"[(948.0, 362.0)]"
1356,"[(948.0, 361.0)]"
1357,"[(948.5, 359.5)]"
1358,"[(952.5, 359.5)]"
1359,"[(952.5, 359.5)]"
1360,"[(948.5, 359.5)]"
1361,"[(947.0, 358.0)]"
1362,"[(941.0, 357.0)]"
1363,"[(940.5, 358.5)]"
1364,"[(939.5, 359.5)]"
1365,"[(503.5, 626.5)]"
1366,"[(501.0, 622.0)]"
1367,"[(497.5, 616.5), (520.5, 493.5)]"
1368,"[(528.0, 488.0), (495.5, 609.5)]"
1369,"[(527.5, 483.5), (497.5, 606.5)]"
1370,"[(525.0, 480.0), (495.5, 603.5)]"
1371,"[(526.0, 478.0), (495.5, 599.5)]"
1372,"[(528.0, 473.0), (494.0, 595.0)]"
1373,"[(526.0, 473.0), (483.0, 589.0)]"
1374,"[(522.5, 473.5), (482.5, 588.5)]"
1375,"[(511.0, 474.0), (479.5, 589.5)]"
1376,"[(478.5, 590.5), (509.0, 475.0)]"
1377,"[(472.5, 591.5)]"
1378,"[(469.0, 596.0), (602.0, 233.0), (267.5, 311.5)]"
1379,"[(610.0, 231.0), (472.0, 598.0), (266.5, 310.5)]"
1380,"[(615.5, 231.5), (265.5, 306.5)]"
1381,"[(618.5, 230.5), (271.0, 306.0)]"
1382,"[(621.0, 227.0), (277.0, 304.0)]"
1383,"[(623.5, 226.5), (279.5, 303.5)]"
1384,"[(283.5, 303.5), (626.5, 225.5)]"
1385,"[(630.0, 225.0), (286.5, 302.5)]"
1386,"[(289.0, 302.0), (634.0, 227.0)]"
1387,"[(633.0, 227.0), (290.0, 301.0)]"
1388,"[(290.0, 300.0)]"
1389,"[(957.5, 356.5)]"
1390,"[(961.5, 356.5)]"
1391,"[(962.5, 355.5)]"
1392,"[(966.5, 353.5)]"
1393,"[(968.5, 350.5), (463.0, 603.0)]"
1394,"[(460.5, 600.5), (965.0, 349.0)]"
1395,"[(459.0, 597.0), (963.0, 351.0)]"
1396,"[(455.5, 587.5)]"
1397,"[(457.0, 585.0)]"
1398,"[(457.0, 583.0)]"
1399,"[(459.0, 580.0)]"
1400,"[(458.5, 578.5)]"
1401,"[(452.5, 575.5)]"
1402,"[(446.5, 572.5)]"
1403,"[(495.5, 462.5), (444.5, 570.5)]"
1404,"[(494.0, 460.0), (446.5, 573.5)]"
1405,"[(490.0, 459.0), (446.0, 575.0)]"
1406,"[(494.0, 457.0), (437.0, 579.0)]"
1407,"[(495.5, 456.5)]"
1408,"[(497.0, 455.0)]"
1409,"[(496.0, 453.0)]"
1410,"[(497.0, 456.0), (652.5, 218.5)]"
1411,"[(653.5, 219.5), (500.0, 461.0)]"
1412,"[(657.5, 217.5)]"
1413,"[(663.0, 216.0)]"
1414,"[(666.5, 214.5)]"
1415,"[(668.5, 213.5), (289.0, 288.0)]"
1416,"[(668.5, 212.5), (289.5, 285.5)]"
1417,"[(670.0, 211.0), (288.0, 283.0)]"
1418,"[(674.0, 211.0), (290.0, 282.0)]"
1419,"[(673.5, 213.5), (289.5, 281.5)]"
1420,"[(674.5, 216.5), (286.5, 277.5)]"
1421,"[(285.5, 278.5), (672.5, 216.5)]"
1422,"[(965.0, 354.0), (285.5, 278.5)]"
1423,"[(969.0, 354.0), (410.5, 592.5), (285.5, 281.5)]"
1424,"[(969.0, 353.0), (409.0, 584.0)]"
1425,"[(970.5, 352.5), (403.5, 578.5)]"
1426,"[(972.5, 350.5), (401.0, 573.0)]"
1427,"[(972.5, 350.5), (402.0, 572.0)]"
1428,"[(969.5, 350.5), (399.5, 569.5)]"
1429,"[(966.0, 351.0), (390.5, 565.5)]"
1430,"[(966.0, 352.0), (388.5, 562.5)]"
1431,"[(385.0, 561.0), (962.0, 351.0)]"
1432,"[(383.5, 563.5)]"
1433,"[(379.5, 563.5)]"
1434,"[(376.0, 568.0)]"
1435,"[(375.5, 569.5)]"
1436,"[(375.5, 575.5)]"
1437,"[(431.5, 460.5)]"
1439,"[(431.0, 452.0)]"
1440,"[(432.5, 448.5)]"
1441,"[(433.5, 446.5)]"
1442,"[(430.0, 445.0)]"
1443,"[(429.5, 445.5)]"
1444,"[(421.5, 444.5), (682.0, 214.0)]"
1445,"[(685.0, 211.0), (422.5, 445.5)]"
1446,"[(690.0, 215.0), (424.0, 449.0)]"
1447,"[(692.5, 214.5)]"
1448,"[(695.5, 213.5)]"
1449,"[(696.0, 208.0)]"
1450,"[(696.5, 209.5)]"
1451,"[(697.5, 207.5)]"
1452,"[(697.0, 209.0), (339.5, 580.5), (281.0, 274.0)]"
1453,"[(699.5, 214.5), (339.0, 575.0), (280.5, 270.5)]"
1454,"[(699.0, 215.0), (278.0, 270.0), (340.5, 575.5)]"
1455,"[(275.0, 270.0), (701.5, 216.5), (341.5, 575.5), (946.5, 353.5)]"
1456,"[(950.5, 351.5), (273.0, 271.0), (340.5, 573.5), (699.5, 212.5)]"
1457,"[(950.5, 350.5), (273.5, 271.5), (339.0, 568.0)]"
1458,"[(952.0, 351.0), (333.5, 563.5), (272.5, 268.5)]"
1459,"[(951.5, 348.5), (328.5, 562.5)]"
1460,"[(952.0, 347.0), (323.0, 562.0)]"
1461,"[(949.0, 344.0), (319.5, 563.5)]"
1462,"[(947.0, 344.0), (312.0, 566.0)]"
1463,"[(945.5, 347.5), (317.0, 570.0)]"
1464,"[(945.0, 347.0), (313.0, 569.0)]"
1465,"[(938.5, 348.5)]"
1472,"[(368.5, 454.5)]"
1473,"[(369.5, 449.5)]"
1474,"[(373.0, 444.0)]"
1475,"[(370.0, 441.0)]"
1476,"[(369.0, 437.0)]"
1477,"[(369.0, 438.0), (700.0, 214.0)]"
1478,"[(367.5, 436.5), (706.5, 215.5)]"
1479,"[(710.5, 214.5), (364.5, 436.5)]"
1480,"[(711.0, 214.0), (358.5, 437.5), (281.0, 575.0)]"
1481,"[(718.0, 213.0), (281.5, 571.5), (353.0, 440.0)]"
1482,"[(720.5, 212.5), (280.0, 566.0)]"
1483,"[(719.0, 211.0), (282.0, 562.0)]"
1484,"[(716.0, 212.0), (283.0, 557.0)]"
1485,"[(714.5, 211.5), (281.5, 556.5)]"
1486,"[(718.0, 213.0), (277.5, 554.5)]"
1487,"[(274.5, 553.5), (719.0, 212.0)]"
1488,"[(284.0, 263.0), (269.5, 553.5), (948.5, 358.5)]"
1489,"[(286.0, 261.0), (950.0, 357.0), (271.5, 553.5)]"
1490,"[(950.5, 354.5), (274.0, 553.0), (288.0, 260.0)]"
1491,"[(952.5, 353.5), (276.0, 554.0), (289.5, 257.5)]"
1492,"[(954.0, 357.0), (290.0, 256.0), (272.5, 554.5)]"
1493,"[(953.0, 353.0), (288.0, 255.0), (266.5, 554.5)]"
1494,"[(950.5, 352.5), (284.5, 255.5)]"
1495,"[(947.5, 352.5), (286.5, 254.5)]"
1496,"[(943.0, 352.0), (286.0, 256.0)]"
1497,"[(940.5, 354.5), (287.5, 256.5)]"
1498,"[(941.0, 359.0)]"
1499,"[(944.5, 359.5)]"
1507,"[(319.5, 437.5)]"
1508,"[(325.0, 435.0), (733.5, 210.5)]"
1509,"[(332.0, 434.0), (266.0, 557.0), (736.0, 212.0)]"
1510,"[(333.0, 431.0), (263.0, 554.0), (742.0, 213.0)]"
1511,"[(746.0, 212.0), (267.5, 549.5), (331.5, 430.5)]"
1512,"[(750.0, 214.0), (329.5, 428.5), (267.5, 548.5)]"
1513,"[(750.5, 216.5), (269.0, 546.0), (333.0, 428.0)]"
1514,"[(757.0, 215.0), (272.0, 544.0), (335.0, 427.0)]"
1515,"[(761.0, 216.0), (269.0, 543.0), (336.5, 424.5)]"
1516,"[(764.5, 215.5), (262.5, 541.5), (337.5, 424.5)]"
1517,"[(765.5, 214.5), (329.5, 424.5), (254.5, 541.5)]"
1518,"[(765.5, 212.5), (250.0, 539.0), (329.0, 426.0)]"
1519,"[(759.0, 212.0), (243.5, 541.5)]"
1520,"[(241.5, 541.5), (759.5, 210.5)]"
1521,"[(239.0, 545.0)]"
1522,"[(937.5, 361.5), (237.5, 546.5)]"
1523,"[(939.5, 360.5)]"
1524,"[(940.5, 359.5), (309.0, 251.0)]"
1525,"[(938.0, 356.0), (305.5, 249.5)]"
1526,"[(938.0, 356.0), (300.5, 247.5)]"
1527,"[(300.5, 248.5), (938.0, 356.0)]"
1528,"[(298.0, 245.0), (936.5, 353.5)]"
1529,"[(928.5, 351.5), (296.5, 244.5)]"
1530,"[(297.0, 245.0), (927.0, 353.0)]"
1531,"[(299.5, 246.5)]"
1535,"[(204.0, 548.0)]"
1536,"[(203.0, 546.0)]"
1537,"[(208.0, 540.0)]"
1538,"[(207.0, 533.0)]"
1539,"[(211.0, 532.0)]"
1540,"[(211.5, 529.5)]"
1541,"[(212.0, 528.0)]"
1542,"[(212.0, 527.0)]"
1543,"[(210.5, 525.5)]"
1544,"[(206.0, 523.0), (264.5, 416.5)]"
1545,"[(269.5, 413.5), (202.5, 523.5), (748.0, 207.0)]"
1546,"[(275.5, 411.5), (751.0, 208.0), (199.5, 525.5)]"
1547,"[(754.5, 209.5), (278.0, 411.0), (194.0, 525.0)]"
1548,"[(758.0, 208.0), (276.0, 407.0), (202.0, 527.0)]"
1549,"[(760.5, 207.5), (277.0, 406.0)]"
1550,"[(764.5, 205.5), (275.0, 406.0)]"
1551,"[(764.5, 208.5), (274.5, 403.5)]"
1552,"[(764.5, 206.5), (271.0, 404.0)]"
1553,"[(764.5, 203.5), (268.5, 403.5)]"
1554,"[(766.0, 206.0), (913.5, 357.5), (269.0, 408.0)]"
1555,"[(919.5, 359.5), (763.0, 207.0)]"
1556,"[(923.5, 360.5)]"
1557,"[(923.0, 359.0), (311.5, 243.5)]"
1558,"[(922.5, 358.5), (313.0, 242.0)]"
1559,"[(921.5, 356.5), (311.0, 243.0)]"
1560,"[(916.0, 354.0), (312.0, 242.0)]"
1561,"[(917.5, 353.5), (310.0, 242.0)]"
1562,"[(914.5, 353.5), (313.5, 241.5)]"
1563,"[(177.5, 523.5), (312.0, 241.0)]"
1564,"[(181.0, 520.0)]"
1565,"[(185.5, 516.5)]"
1566,"[(188.0, 514.0)]"
1567,"[(189.5, 512.5)]"
1568,"[(188.5, 510.5)]"
1569,"[(187.0, 508.0)]"
1570,"[(178.5, 508.5)]"
1571,"[(182.5, 501.5)]"
1572,"[(175.5, 505.5)]"
1573,"[(171.5, 508.5)]"
1574,"[(166.5, 510.5)]"
1575,"[(165.0, 512.0)]"
1576,"[(159.0, 514.0)]"
1579,"[(252.0, 404.0)]"
1580,"[(777.0, 214.0), (250.0, 404.0)]"
1581,"[(779.5, 214.5), (255.0, 402.0)]"
1582,"[(784.5, 214.5), (254.5, 399.5)]"
1583,"[(790.5, 211.5), (252.5, 396.5)]"
1584,"[(793.5, 214.5), (257.5, 397.5)]"
1585,"[(794.5, 214.5), (257.0, 394.0), (900.0, 369.0)]"
1586,"[(795.5, 214.5), (257.5, 393.5), (896.0, 363.0)]"
1587,"[(796.0, 214.0), (900.5, 365.5), (256.5, 394.5)]"
1588,"[(795.0, 215.0), (898.0, 364.0), (250.0, 394.0)]"
1589,"[(898.5, 363.5), (251.0, 396.0), (793.5, 215.5)]"
1590,"[(901.5, 363.5), (154.0, 521.0)]"
1591,"[(901.5, 361.5), (155.5, 518.5)]"
1592,"[(156.5, 513.5), (901.0, 362.0)]"
1593,"[(899.5, 361.5), (164.0, 512.0)]"
1594,"[(165.5, 506.5), (896.0, 363.0)]"
1595,"[(898.0, 365.0), (167.5, 504.5)]"
1596,"[(170.5, 501.5)]"
1597,"[(168.5, 503.5), (324.5, 245.5)]"
1598,"[(168.5, 499.5)]"
1599,"[(163.5, 498.5)]"
1600,"[(165.0, 498.0)]"
1601,"[(166.5, 500.5)]"
1602,"[(170.5, 500.5)]"
1603,"[(162.5, 506.5)]"
1613,"[(805.5, 233.5)]"
1614,"[(811.5, 234.5)]"
1615,"[(818.0, 234.0)]"
1616,"[(820.5, 233.5), (235.5, 406.5)]"
1617,"[(823.5, 234.5), (240.0, 400.0), (883.5, 382.5)]"
1618,"[(825.5, 233.5), (882.5, 385.5), (249.0, 396.0)]"
1619,"[(826.0, 233.0), (887.0, 382.0), (252.0, 397.0)]"
1620,"[(825.5, 233.5), (889.5, 378.5), (160.5, 505.5), (250.0, 398.0)]"
1621,"[(891.5, 375.5), (825.0, 233.0), (165.5, 500.5), (243.0, 395.0)]"
1622,"[(891.5, 376.5), (165.5, 500.5), (825.5, 234.5), (248.5, 394.5)]"
1623,"[(892.0, 376.0), (167.5, 498.5), (247.5, 395.5), (823.0, 236.0)]"
1624,"[(168.0, 497.0), (889.5, 375.5), (242.0, 396.0)]"
1625,"[(170.5, 496.5), (884.0, 374.0)]"
1626,"[(166.0, 497.0), (881.0, 377.0)]"
1627,"[(161.0, 496.0), (880.5, 380.5), (339.0, 251.0)]"
1628,"[(163.5, 497.5), (340.0, 250.0)]"
1629,"[(161.0, 495.0), (340.0, 251.0)]"
1630,"[(161.0, 496.0), (341.0, 250.0)]"
1631,"[(159.0, 498.0), (345.5, 251.5)]"
1632,"[(344.5, 250.5)]"
1633,"[(346.5, 249.5)]"
1634,"[(347.5, 250.5)]"
1635,"[(348.0, 250.0)]"
1647,"[(833.5, 243.5)]"
1648,"[(838.5, 245.5), (156.0, 499.0)]"
1649,"[(842.0, 245.0), (165.5, 497.5), (872.5, 384.5)]"
1650,"[(844.0, 244.0), (168.5, 495.5), (876.5, 380.5)]"
1651,"[(848.5, 244.5), (170.0, 491.0), (877.0, 380.0)]"
1652,"[(851.5, 244.5), (176.5, 490.5), (874.5, 381.5), (237.5, 386.5)]"
1653,"[(853.5, 243.5), (179.5, 485.5), (877.5, 379.5), (242.5, 387.5)]"
1654,"[(177.0, 484.0), (849.5, 243.5), (877.0, 377.0), (250.0, 385.0)]"
1655,"[(176.0, 480.0), (250.5, 384.5), (854.5, 244.5), (875.0, 377.0)]"
1656,"[(174.5, 477.5), (875.5, 379.5), (248.5, 382.5)]"
1657,"[(875.0, 380.0), (174.5, 477.5), (251.5, 382.5)]"
1658,"[(177.5, 478.5), (253.5, 382.5)]"
1659,"[(174.0, 479.0), (255.5, 381.5)]"
1660,"[(172.5, 483.5)]"
1664,"[(379.5, 248.5)]"
1665,"[(383.5, 247.5)]"
1666,"[(386.5, 249.5)]"
1667,"[(390.5, 249.5)]"
1668,"[(395.0, 250.0)]"
1669,"[(396.0, 248.0)]"
1670,"[(396.5, 249.5)]"
1671,"[(398.5, 249.5)]"
1672,"[(398.5, 249.5)]"
1673,"[(404.5, 250.5)]"
1676,"[(184.0, 483.0)]"
1677,"[(186.5, 474.5)]"
1678,"[(190.5, 472.5)]"
1679,"[(193.0, 472.0)]"
1680,"[(198.5, 469.5)]"
1681,"[(204.0, 469.0)]"
1682,"[(206.5, 467.5), (882.0, 249.0), (881.0, 385.0)]"
1683,"[(206.5, 465.5), (893.0, 250.0), (888.5, 384.5)]"
1684,"[(210.0, 465.0), (894.5, 248.5), (889.0, 385.0)]"
1685,"[(207.0, 464.0), (895.0, 248.0), (888.0, 384.0)]"
1686,"[(894.5, 249.5), (891.0, 383.0), (204.0, 465.0)]"
1687,"[(897.0, 249.0), (891.5, 382.5)]"
1688,"[(892.5, 377.5), (272.5, 376.5), (210.5, 467.5), (898.0, 248.0)]"
1689,"[(278.0, 373.0), (893.0, 377.0), (211.5, 466.5)]"
1690,"[(281.5, 371.5), (896.5, 376.5)]"
1691,"[(284.5, 369.5)]"
1692,"[(285.0, 368.0)]"
1693,"[(282.5, 368.5)]"
1694,"[(282.0, 366.0)]"
1695,"[(283.0, 366.0)]"
1698,"[(430.0, 246.0)]"
1699,"[(430.5, 247.5)]"
1700,"[(431.0, 246.0)]"
1701,"[(438.0, 246.0)]"
1702,"[(438.0, 243.0)]"
1703,"[(438.0, 244.0)]"
1704,"[(437.5, 246.5)]"
1705,"[(438.0, 244.0), (222.5, 464.5)]"
1706,"[(223.5, 464.5), (437.5, 244.5)]"
1707,"[(226.5, 461.5), (444.0, 242.0)]"
1708,"[(229.5, 457.5), (445.0, 244.0)]"
1709,"[(233.0, 455.0)]"
1710,"[(233.0, 452.0)]"
1711,"[(230.5, 452.5)]"
1712,"[(227.5, 449.5)]"
1713,"[(226.0, 448.0)]"
1714,"[(226.5, 448.5), (907.0, 250.0)]"
1715,"[(893.5, 381.5), (911.0, 251.0), (221.0, 449.0)]"
1716,"[(897.0, 383.0), (913.5, 250.5), (221.0, 450.0)]"
1717,"[(894.5, 381.5), (916.5, 250.5), (221.5, 455.5)]"
1718,"[(894.5, 380.5), (917.5, 251.5)]"
1719,"[(895.5, 380.5), (917.5, 251.5)]"
1720,"[(895.0, 380.0), (917.0, 251.0)]"
1721,"[(918.5, 251.5), (892.5, 377.5)]"
1722,"[(918.0, 251.0), (892.5, 378.5)]"
1723,"[(924.0, 254.0)]"
1724,"[(921.5, 253.5)]"
1726,"[(298.0, 361.0)]"
1727,"[(298.0, 360.0)]"
1728,"[(300.0, 358.0)]"
1734,"[(223.0, 455.0)]"
1735,"[(225.5, 450.5), (456.0, 245.0)]"
1736,"[(233.5, 445.5), (461.0, 247.0)]"
1737,"[(236.5, 444.5), (460.5, 245.5)]"
1738,"[(236.0, 445.0), (460.0, 246.0)]"
1739,"[(237.0, 442.0), (459.5, 244.5)]"
1740,"[(235.0, 441.0), (458.5, 245.5)]"
1741,"[(232.5, 442.5), (455.0, 246.0)]"
1742,"[(232.0, 442.0), (460.0, 247.0)]"
1743,"[(231.5, 442.5), (459.0, 246.0)]"
1744,"[(230.5, 442.5)]"
1746,"[(874.0, 381.0)]"
1747,"[(872.0, 379.0)]"
1748,"[(877.5, 378.5), (922.0, 259.0)]"
1749,"[(880.5, 378.5), (919.0, 257.0)]"
1750,"[(880.5, 378.5), (924.0, 259.0)]"
1751,"[(878.0, 378.0), (924.0, 258.0)]"
1752,"[(926.0, 258.0), (877.5, 378.5)]"
1753,"[(927.0, 260.0), (876.0, 376.0)]"
1754,"[(930.0, 260.0), (873.0, 375.0)]"
1755,"[(929.0, 262.0), (874.5, 377.5)]"
1756,"[(930.0, 261.0), (874.0, 380.0)]"
1757,"[(876.5, 383.5), (928.0, 261.0)]"
1762,"[(228.5, 449.5)]"
1763,"[(232.0, 447.0)]"
1764,"[(237.0, 444.0), (307.5, 355.5)]"
1765,"[(240.5, 441.5), (307.5, 357.5)]"
1766,"[(242.0, 440.0), (307.5, 356.5)]"
1767,"[(241.5, 440.5), (308.5, 356.5)]"
1768,"[(243.0, 439.0)]"
1769,"[(244.0, 439.0)]"
1770,"[(248.0, 438.0)]"
1771,"[(248.0, 438.0)]"
1772,"[(248.5, 437.5)]"
1773,"[(242.5, 437.5)]"
1774,"[(240.0, 438.0)]"
1775,"[(249.5, 440.5)]"
1776,"[(251.0, 442.0)]"
1780,"[(875.5, 386.5)]"
1781,"[(878.5, 386.5)]"
1782,"[(880.5, 386.5)]"
1783,"[(881.5, 387.5)]"
1784,"[(879.0, 387.0), (942.0, 278.0)]"
1785,"[(875.5, 385.5), (941.0, 278.0)]"
1786,"[(944.0, 279.0), (874.0, 384.0)]"
1787,"[(941.5, 278.5), (876.0, 385.0)]"
1788,"[(943.5, 278.5), (873.5, 383.5)]"
1789,"[(941.0, 277.0), (872.5, 385.5)]"
1790,"[(940.5, 277.5)]"
1791,"[(943.5, 277.5), (251.0, 442.0)]"
1792,"[(941.5, 281.5), (260.5, 442.5)]"
1793,"[(262.0, 442.0)]"
1794,"[(262.0, 440.0)]"
1795,"[(262.5, 435.5)]"
1796,"[(260.5, 432.5)]"
1797,"[(260.5, 430.5), (321.0, 356.0)]"
1798,"[(260.5, 431.5), (321.5, 356.5)]"
1799,"[(262.5, 430.5), (321.0, 357.0)]"
1800,"[(319.5, 357.5), (262.0, 431.0)]"
1801,"[(263.0, 431.0), (319.0, 356.0)]"
1802,"[(322.5, 356.5), (264.5, 432.5)]"
1803,"[(323.5, 357.5), (263.5, 435.5)]"
1807,"[(502.5, 271.5)]"
1808,"[(502.0, 270.0)]"
1811,"[(507.0, 268.0)]"
1812,"[(506.5, 268.5)]"
1813,"[(852.0, 393.0)]"
1814,"[(853.0, 394.0)]"
1815,"[(857.5, 398.5)]"
1816,"[(859.5, 401.5)]"
1817,"[(859.0, 404.0), (263.5, 450.5)]"
1818,"[(854.0, 402.0), (259.0, 450.0), (931.0, 302.0)]"
1819,"[(851.5, 401.5), (256.5, 449.5), (931.0, 302.0)]"
1820,"[(852.0, 403.0), (258.5, 447.5)]"
1821,"[(263.0, 448.0), (852.5, 402.5), (929.5, 304.5)]"
1822,"[(265.5, 447.5), (931.0, 310.0)]"
1823,"[(266.0, 444.0), (937.0, 306.0)]"
1824,"[(267.5, 443.5), (932.0, 305.0)]"
1825,"[(269.5, 443.5)]"
1826,"[(268.5, 443.5)]"
1827,"[(269.0, 443.0)]"
1828,"[(268.0, 444.0)]"
1829,"[(266.0, 444.0)]"
1830,"[(260.0, 444.0), (323.0, 372.0)]"
1831,"[(324.5, 372.5), (263.0, 447.0)]"
1832,"[(324.5, 371.5)]"
1833,"[(324.0, 371.0)]"
1834,"[(323.0, 370.0)]"
1835,"[(324.0, 371.0)]"
1836,"[(324.0, 371.0)]"
1837,"[(327.0, 371.0)]"
1844,"[(521.0, 287.0)]"
1845,"[(522.5, 287.5)]"
1846,"[(523.5, 287.5), (839.0, 410.0)]"
1847,"[(843.0, 411.0), (527.0, 287.0), (277.5, 446.5)]"
1848,"[(843.5, 411.5), (527.0, 286.0), (279.0, 445.0)]"
1849,"[(844.0, 411.0), (284.5, 444.5), (528.0, 286.0)]"
1850,"[(847.0, 411.0), (284.5, 442.5), (528.5, 286.5), (947.0, 322.0)]"
1851,"[(845.5, 410.5), (285.0, 441.0), (531.0, 288.0), (948.0, 321.0)]"
1852,"[(844.5, 407.5), (289.0, 442.0), (947.0, 319.0)]"
1853,"[(288.0, 440.0), (842.0, 409.0), (948.0, 319.0)]"
1854,"[(289.0, 440.0), (845.5, 411.5), (947.0, 319.0)]"
1855,"[(288.0, 439.0), (952.0, 318.0)]"
1856,"[(284.0, 440.0), (952.0, 317.0)]"
1857,"[(277.5, 443.5), (956.0, 316.0)]"
1858,"[(964.0, 316.0), (266.5, 446.5)]"
1859,"[(265.0, 448.0), (965.5, 314.5)]"
1860,"[(255.5, 449.5)]"
1867,"[(325.5, 370.5)]"
1869,"[(325.5, 366.5)]"
1870,"[(325.5, 364.5)]"
1871,"[(324.0, 367.0)]"
1872,"[(527.5, 284.5), (326.0, 366.0)]"
1873,"[(527.0, 286.0)]"
1874,"[(526.0, 285.0)]"
1875,"[(524.5, 284.5)]"
1876,"[(527.0, 283.0), (254.0, 447.0)]"
1877,"[(529.0, 282.0), (254.0, 446.0)]"
1878,"[(528.0, 281.0), (253.0, 444.0)]"
1879,"[(525.5, 281.5), (259.0, 442.0)]"
1880,"[(261.0, 440.0), (528.5, 281.5)]"
1881,"[(261.0, 439.0), (846.5, 413.5), (529.5, 279.5)]"
1882,"[(263.5, 439.5), (844.5, 413.5), (528.5, 280.5)]"
1883,"[(263.0, 437.0), (844.0, 413.0), (527.5, 281.5)]"
1884,"[(262.0, 437.0), (527.5, 281.5), (841.5, 410.5), (970.0, 319.0)]"
1885,"[(258.5, 436.5), (970.0, 317.0), (530.0, 281.0), (842.0, 411.0)]"
1886,"[(250.0, 439.0), (527.5, 282.5), (972.0, 315.0)]"
1887,"[(978.5, 314.5), (240.5, 437.5), (527.5, 282.5), (846.0, 412.0)]"
1888,"[(239.5, 438.5), (977.5, 312.5)]"
1889,"[(975.5, 312.5), (241.5, 439.5)]"
1890,"[(974.5, 311.5), (241.0, 440.0)]"
1891,"[(972.0, 312.0)]"
1892,"[(971.0, 312.0)]"
1893,"[(973.0, 313.0)]"
1905,"[(247.0, 435.0), (316.0, 353.0)]"
1906,"[(316.0, 354.0), (246.0, 434.0)]"
1907,"[(314.5, 352.5), (248.0, 433.0)]"
1908,"[(253.0, 431.0)]"
1909,"[(255.0, 430.0)]"
1910,"[(255.5, 428.5)]"
1911,"[(255.0, 428.0)]"
1912,"[(254.5, 428.5)]"
1913,"[(254.0, 428.0), (525.5, 281.5)]"
1914,"[(252.0, 428.0), (528.0, 281.0)]"
1915,"[(251.5, 429.5), (527.5, 277.5), (828.0, 408.0)]"
1916,"[(251.0, 429.0), (527.5, 278.5), (824.0, 406.0)]"
1917,"[(253.5, 429.5), (525.5, 278.5)]"
1918,"[(255.0, 434.0), (524.0, 279.0)]"
1919,"[(522.0, 280.0), (970.5, 311.5), (258.0, 435.0), (816.5, 401.5)]"
1920,"[(968.0, 310.0), (522.0, 280.0)]"
1921,"[(970.0, 309.0), (523.0, 280.0)]"
1922,"[(522.0, 278.0), (970.0, 309.0)]"
1923,"[(520.0, 279.0), (970.5, 308.5)]"
1924,"[(970.0, 305.0), (521.0, 280.0)]"
1925,"[(524.5, 282.5), (965.5, 305.5)]"
1926,"[(965.5, 310.5), (526.5, 282.5)]"
1927,"[(963.5, 312.5)]"
1934,"[(244.5, 418.5)]"
1935,"[(245.0, 418.0)]"
1936,"[(246.5, 417.5)]"
1937,"[(249.0, 416.0)]"
1938,"[(251.5, 415.5)]"
1939,"[(255.0, 413.0)]"
1940,"[(256.0, 412.0)]"
1941,"[(300.5, 337.5), (256.5, 410.5)]"
1942,"[(299.0, 338.0)]"
1947,"[(789.5, 386.5)]"
1948,"[(784.5, 386.5)]"
1949,"[(788.5, 386.5)]"
1950,"[(786.0, 384.0)]"
1951,"[(785.0, 383.0)]"
1952,"[(785.5, 380.5)]"
1953,"[(784.5, 377.5), (940.5, 300.5)]"
1954,"[(783.5, 379.5), (942.0, 298.0)]"
1955,"[(782.5, 380.5), (942.0, 297.0)]"
1956,"[(779.5, 381.5), (942.5, 297.5)]"
1957,"[(940.0, 298.0), (779.0, 379.0)]"
1958,"[(939.0, 296.0)]"
1959,"[(937.0, 295.0)]"
1960,"[(937.5, 295.5)]"
1962,"[(233.5, 400.5)]"
1963,"[(232.0, 400.0)]"
1964,"[(236.5, 398.5), (291.0, 327.0)]"
1965,"[(238.5, 396.5), (291.5, 326.5)]"
1966,"[(239.5, 395.5), (290.5, 325.5)]"
1967,"[(241.5, 392.5)]"
1968,"[(241.0, 391.0)]"
1969,"[(237.0, 390.0)]"
1970,"[(230.5, 388.5)]"
1971,"[(229.0, 388.0)]"
1972,"[(227.5, 388.5)]"
1978,"[(749.5, 367.5)]"
1979,"[(750.0, 366.0)]"
1980,"[(749.0, 362.0)]"
1981,"[(747.5, 362.5)]"
1982,"[(749.0, 362.0)]"
1983,"[(746.0, 360.0)]"
1984,"[(744.5, 358.5)]"
1985,"[(744.5, 359.5)]"
1986,"[(896.5, 285.5), (744.5, 356.5)]"
1987,"[(896.0, 284.0), (744.5, 356.5)]"
1988,"[(896.0, 281.0)]"
1989,"[(895.5, 280.5)]"
1990,"[(896.5, 279.5)]"
1991,"[(896.0, 279.0)]"
1992,"[(217.0, 383.0), (896.5, 278.5)]"
1993,"[(218.0, 379.0), (897.5, 278.5)]"
1994,"[(896.5, 280.5), (219.0, 378.0)]"
1995,"[(894.5, 281.5), (218.5, 374.5)]"
1996,"[(893.5, 282.5), (218.0, 374.0)]"
1997,"[(219.0, 373.0)]"
1998,"[(218.5, 372.5)]"
1999,"[(217.0, 371.0)]"
2000,"[(216.5, 370.5)]"
2001,"[(218.0, 371.0)]"
2002,"[(217.5, 370.5)]"
2003,"[(215.5, 370.5)]"
2004,"[(215.0, 370.0)]"
2013,"[(719.0, 345.0)]"
2014,"[(719.0, 342.0)]"
2015,"[(718.5, 342.5)]"
2018,"[(718.0, 339.0)]"
2021,"[(711.5, 336.5)]"
2022,"[(215.5, 363.5), (712.0, 338.0)]"
2023,"[(867.0, 270.0), (217.5, 361.5), (710.5, 339.5)]"
2024,"[(871.0, 268.0), (217.0, 361.0)]"
2025,"[(219.0, 358.0), (872.5, 268.5)]"
2026,"[(218.0, 357.0), (872.5, 268.5)]"
2027,"[(873.5, 269.5), (218.5, 355.5)]"
2028,"[(874.0, 268.0), (218.5, 354.5)]"
2029,"[(218.5, 353.5), (874.5, 266.5)]"
2030,"[(217.0, 352.0), (872.5, 264.5)]"
2031,"[(216.5, 352.5), (875.0, 266.0)]"
2032,"[(215.0, 353.0), (871.0, 267.0)]"
2033,"[(216.0, 353.0), (871.5, 269.5)]"
2034,"[(869.5, 269.5)]"
2049,"[(692.5, 318.5)]"
2050,"[(690.5, 317.5)]"
2051,"[(692.0, 316.0)]"
2052,"[(692.0, 316.0)]"
2053,"[(690.0, 316.0)]"
2054,"[(686.5, 312.5)]"
2055,"[(687.0, 311.0), (214.5, 343.5)]"
2056,"[(215.0, 342.0)]"
2057,"[(214.5, 341.5)]"
2058,"[(214.0, 338.0)]"
2059,"[(213.0, 336.0)]"
2060,"[(213.0, 337.0)]"
2061,"[(212.0, 335.0)]"
2062,"[(212.5, 335.5)]"
2063,"[(207.5, 332.5)]"
2064,"[(209.0, 333.0)]"
2065,"[(211.0, 333.0)]"
2066,"[(213.5, 333.5)]"
2081,"[(643.0, 301.0)]"
2083,"[(642.5, 297.5)]"
2084,"[(642.5, 295.5)]"
2085,"[(637.5, 297.5)]"
2086,"[(638.0, 298.0)]"
2087,"[(636.0, 298.0)]"
2088,"[(635.5, 297.5)]"
2089,"[(632.5, 296.5)]"
2090,"[(632.0, 296.0)]"
2091,"[(630.5, 296.5)]"
